epoch,step,train_loss_epoch,train_loss_step,val_loss
0,9,,0.06281986087560654,
0,19,,0.03290651738643646,
0,29,,0.026080036535859108,
0,39,,0.01734057255089283,
0,49,,0.01219596154987812,
0,59,,0.008637888357043266,
0,69,,0.00910157710313797,
0,79,,0.006621649023145437,
0,89,,0.006214516703039408,
0,99,,0.0047253193333745,
0,109,,0.003798744175583124,
0,119,,0.005668145604431629,
0,129,,0.003153644734993577,
0,139,,0.002644103020429611,
0,149,,0.0023444632533937693,
0,159,,0.004090322647243738,
0,169,,0.0040183174423873425,
0,179,,0.0025053389836102724,
0,189,,0.003720181528478861,
0,199,,0.0028975505847483873,
0,209,,0.0013812178513035178,
0,219,,0.0014410282019525766,
0,229,,0.00158062728587538,
0,239,,0.0011201848974451423,
0,249,,0.0014335248852148652,
0,259,,0.0010581908281892538,
0,269,,0.0013785981573164463,
0,279,,0.000987680279649794,
0,289,,0.00110417022369802,
0,299,,0.0018623507348820567,
0,309,,0.0009392311912961304,
0,319,,0.0009308644221164286,
0,329,,0.0009267293498851359,
0,339,,0.000625325832515955,
0,349,,0.0007094726897776127,
0,359,,0.0010979633079841733,
0,369,,0.0008283167262561619,
0,379,,0.000606218003667891,
0,389,,0.0006909325602464378,
0,399,,0.000564250978641212,
0,409,,0.0005884369602426887,
0,419,,0.0006112038972787559,
0,429,,0.0005681426264345646,
0,439,,0.0005181858432479203,
0,449,,0.00042767912964336574,
0,459,,0.00046714188647456467,
0,469,,0.0006412890506908298,
0,479,,0.000534858088940382,
0,489,,0.000530431920196861,
0,499,,0.0003857176343444735,
0,509,,0.0007026004022918642,
0,519,,0.00043940285104326904,
0,529,,0.0005958823021501303,
0,539,,0.00043355149682611227,
0,549,,0.00035466518602333963,
0,559,,0.00040144348167814314,
0,569,,0.0004932308220304549,
0,579,,0.0003176557074766606,
0,589,,0.0003180262283422053,
0,599,,0.0004572920151986182,
0,609,,0.00035994508652947843,
0,619,,0.00038647957262583077,
0,624,,,0.00029907835414633155
0,624,0.005570077337324619,,
1,629,,0.00036954981624148786,
1,639,,0.00033755332697182894,
1,649,,0.0003441701119299978,
1,659,,0.0004717031551990658,
1,669,,0.00033044262090697885,
1,679,,0.00035007938276976347,
1,689,,0.0002697805466596037,
1,699,,0.0002848227450158447,
1,709,,0.00031584681710228324,
1,719,,0.0003519261081237346,
1,729,,0.0003502334875520319,
1,739,,0.0003362851857673377,
1,749,,0.00030616624280810356,
1,759,,0.0005491509800776839,
1,769,,0.0003084635827690363,
1,779,,0.0002219019370386377,
1,789,,0.00036691100103780627,
1,799,,0.0003250903100706637,
1,809,,0.00041258885175921023,
1,819,,0.000276324077276513,
1,829,,0.00026745159993879497,
1,839,,0.0002911902265623212,
1,849,,0.00027934578247368336,
1,859,,0.00029460471705533564,
1,869,,0.0002585606707725674,
1,879,,0.00040209051803685725,
1,889,,0.0003140752378385514,
1,899,,0.00024061001022346318,
1,909,,0.0003529243404045701,
1,919,,0.0003029947984032333,
1,929,,0.00023354498262051493,
1,939,,0.00026541753322817385,
1,949,,0.0003277006035204977,
1,959,,0.0002305157540831715,
1,969,,0.00021343003027141094,
1,979,,0.00024065405887085944,
1,989,,0.0006439818535000086,
1,999,,0.0002444403653498739,
1,1009,,0.00025552615988999605,
1,1019,,0.00032323526102118194,
1,1029,,0.00025897042360156775,
1,1039,,0.0002259612228954211,
1,1049,,0.00020032584143336862,
1,1059,,0.00031583799864165485,
1,1069,,0.00021910712530370802,
1,1079,,0.00022444121714215726,
1,1089,,0.0001912127627292648,
1,1099,,0.0002118308184435591,
1,1109,,0.00021504990581888705,
1,1119,,0.00019006026559509337,
1,1129,,0.0002648541994858533,
1,1139,,0.00024851789930835366,
1,1149,,0.00022002417244948447,
1,1159,,0.00020342318748589605,
1,1169,,0.00020539054821711034,
1,1179,,0.0002112720685545355,
1,1189,,0.0002136848634108901,
1,1199,,0.00019638497906271368,
1,1209,,0.00021088409994263202,
1,1219,,0.00022114395687822253,
1,1229,,0.00021708755230065435,
1,1239,,0.00022444796923082322,
1,1249,,0.00029068562434986234,
1,1249,,,0.00018895676475949585
1,1249,0.00029590484336949885,,
2,1259,,0.0002489462785888463,
2,1269,,0.00018809182802215219,
2,1279,,0.00022248158347792923,
2,1289,,0.0002907528541982174,
2,1299,,0.00022578448988497257,
2,1309,,0.00022322277072817087,
2,1319,,0.00022649757738690823,
2,1329,,0.0002251172118121758,
2,1339,,0.00020968003082089126,
2,1349,,0.00021679280325770378,
2,1359,,0.00023558206157758832,
2,1369,,0.00017114004003815353,
2,1379,,0.00021827871387358755,
2,1389,,0.0001938029599841684,
2,1399,,0.00020687354844994843,
2,1409,,0.0001861554483184591,
2,1419,,0.00019330008944962174,
2,1429,,0.00020311385742388666,
2,1439,,0.00021701320656575263,
2,1449,,0.0004488377599045634,
2,1459,,0.0001914371969178319,
2,1469,,0.000182505275006406,
2,1479,,0.00018060498405247927,
2,1489,,0.00016469147522002459,
2,1499,,0.00017241483146790415,
2,1509,,0.00019451783737167716,
2,1519,,0.00022998916392680258,
2,1529,,0.00017865632253233343,
2,1539,,0.0002455992216710001,
2,1549,,0.00021159143943805248,
2,1559,,0.0002095533418469131,
2,1569,,0.00020817593031097203,
2,1579,,0.00026701073511503637,
2,1589,,0.0001884285593405366,
2,1599,,0.00020116115047130734,
2,1609,,0.00017015213961713016,
2,1619,,0.0002392552705714479,
2,1629,,0.00022646725119557232,
2,1639,,0.00019148591673001647,
2,1649,,0.00021330486924853176,
2,1659,,0.000182424220838584,
2,1669,,0.00017615941760595888,
2,1679,,0.000158893977641128,
2,1689,,0.00024277693592011929,
2,1699,,0.00019878036982845515,
2,1709,,0.00024300531367771327,
2,1719,,0.00018415506929159164,
2,1729,,0.00021884545276407152,
2,1739,,0.00018138825544156134,
2,1749,,0.0001765956694725901,
2,1759,,0.00018774236377794296,
2,1769,,0.0001864011719590053,
2,1779,,0.00016875700384844095,
2,1789,,0.0001630235929042101,
2,1799,,0.00018653040751814842,
2,1809,,0.00023555757070425898,
2,1819,,0.00016257521929219365,
2,1829,,0.0001735355326673016,
2,1839,,0.0001859288604464382,
2,1849,,0.00016690070333424956,
2,1859,,0.00016138727369252592,
2,1869,,0.0001450539566576481,
2,1874,,,0.00014830981672275811
2,1874,0.00020590474014170468,,
3,1879,,0.00019795882690232247,
3,1889,,0.0001596761285327375,
3,1899,,0.00018885913596022874,
3,1909,,0.0002390416630078107,
3,1919,,0.00019503764633554965,
3,1929,,0.00021694083989132196,
3,1939,,0.0001459339982829988,
3,1949,,0.00023938855156302452,
3,1959,,0.0001814274728531018,
3,1969,,0.00016284955199807882,
3,1979,,0.00017141002172138542,
3,1989,,0.00014885146811138839,
3,1999,,0.00016208953456953168,
3,2009,,0.0001757360005285591,
3,2019,,0.00014173018280416727,
3,2029,,0.00014814428868703544,
3,2039,,0.00014585364260710776,
3,2049,,0.00017624968313612044,
3,2059,,0.0001452030846849084,
3,2069,,0.00016414285346399993,
3,2079,,0.0001495240576332435,
3,2089,,0.00015016127144917846,
3,2099,,0.00015626625099685043,
3,2109,,0.00018976045248564333,
3,2119,,0.00017622203449718654,
3,2129,,0.0001521122467238456,
3,2139,,0.00016743938613217324,
3,2149,,0.00021594585268758237,
3,2159,,0.0001571511384099722,
3,2169,,0.00017977731477003545,
3,2179,,0.00017981573182623833,
3,2189,,0.00017525888688396662,
3,2199,,0.00018413967336528003,
3,2209,,0.00016455874720122665,
3,2219,,0.0001735770929371938,
3,2229,,0.00016212800983339548,
3,2239,,0.0001702125446172431,
3,2249,,0.000155480025568977,
3,2259,,0.00015683328092563897,
3,2269,,0.00015194130537565798,
3,2279,,0.00016219633107539266,
3,2289,,0.00017417181516066194,
3,2299,,0.00016194807540159672,
3,2309,,0.00015064209583215415,
3,2319,,0.00016603837138973176,
3,2329,,0.00015332236944232136,
3,2339,,0.0001489976275479421,
3,2349,,0.00016343110473826528,
3,2359,,0.00016422632324974984,
3,2369,,0.00016699585830792785,
3,2379,,0.00017734634457156062,
3,2389,,0.0001382707414450124,
3,2399,,0.00019726011669263244,
3,2409,,0.00018499339057598263,
3,2419,,0.00017143384320661426,
3,2429,,0.00018471198563929647,
3,2439,,0.00019843819609377533,
3,2449,,0.00023461310775019228,
3,2459,,0.00015347416047006845,
3,2469,,0.0001497338234912604,
3,2479,,0.00014180758444126695,
3,2489,,0.0001471123396186158,
3,2499,,0.00017796969041228294,
3,2499,,,0.00016698651597835124
3,2499,0.00017304722859989852,,
4,2509,,0.00017057795776054263,
4,2519,,0.00014423771062865853,
4,2529,,0.00013104516256134957,
4,2539,,0.00014846460544504225,
4,2549,,0.00015606734086759388,
4,2559,,0.00014184571045916528,
4,2569,,0.00014968833420425653,
4,2579,,0.00015376886585727334,
4,2589,,0.00013638404197990894,
4,2599,,0.00015353814524132758,
4,2609,,0.00015719745715614408,
4,2619,,0.0001637007953831926,
4,2629,,0.00016466299712192267,
4,2639,,0.00014107022434473038,
4,2649,,0.00014187792839948088,
4,2659,,0.00018437852850183845,
4,2669,,0.00013109415885992348,
4,2679,,0.00015632432769052684,
4,2689,,0.00020299662719480693,
4,2699,,0.00016560130461584777,
4,2709,,0.00018524867482483387,
4,2719,,0.00015873278607614338,
4,2729,,0.00013902333739679307,
4,2739,,0.00013142707757651806,
4,2749,,0.00012798148964066058,
4,2759,,0.00015684687241446227,
4,2769,,0.0001631938066566363,
4,2779,,0.00014772215217817575,
4,2789,,0.00015043534222058952,
4,2799,,0.00016964550013653934,
4,2809,,0.0001491375151090324,
4,2819,,0.00014914889470674098,
4,2829,,0.00019722504657693207,
4,2839,,0.00014493892376776785,
4,2849,,0.00016144545224960893,
4,2859,,0.0001344494376098737,
4,2869,,0.00017409841530025005,
4,2879,,0.00020532873168122023,
4,2889,,0.00016655965009704232,
4,2899,,0.00023104369756765664,
4,2909,,0.00013731158105656505,
4,2919,,0.00013599683006759733,
4,2929,,0.00015144000644795597,
4,2939,,0.00013780004519503564,
4,2949,,0.0001524396357126534,
4,2959,,0.00016303680604323745,
4,2969,,0.00018365982396062464,
4,2979,,0.0001422710483893752,
4,2989,,0.00018519206787459552,
4,2999,,0.00013968805433250964,
4,3009,,0.00016428572416771203,
4,3019,,0.0001490525610279292,
4,3029,,0.00015010788047220558,
4,3039,,0.00014660305168945342,
4,3049,,0.00017978280084207654,
4,3059,,0.00014129850023891777,
4,3069,,0.00015033036470413208,
4,3079,,0.00013516959734261036,
4,3089,,0.00015079902368597686,
4,3099,,0.00014466120046563447,
4,3109,,0.0001447905378881842,
4,3119,,0.00016130573931150138,
4,3124,,,0.00013848680828232318
4,3124,0.000155112415086478,,
5,3129,,0.0001224888546857983,
5,3139,,0.00013875628064852208,
5,3149,,0.00014030117017682642,
5,3159,,0.00014215022383723408,
5,3169,,0.00012811158376280218,
5,3179,,0.0001511667505837977,
5,3189,,0.0001511217706138268,
5,3199,,0.00013821019092574716,
5,3209,,0.00012929424701724201,
5,3219,,0.00016860100731719285,
5,3229,,0.00018573949637357146,
5,3239,,0.0001569558517076075,
5,3249,,0.00021386421576607972,
5,3259,,0.00013905683590564877,
5,3269,,0.0001493180461693555,
5,3279,,0.00014832538727205247,
5,3289,,0.00015498323773499578,
5,3299,,0.00013569850125350058,
5,3309,,0.00014140698476694524,
5,3319,,0.0001309397630393505,
5,3329,,0.00015148823149502277,
5,3339,,0.0001514939940534532,
5,3349,,0.0001619530958123505,
5,3359,,0.0001588371815159917,
5,3369,,0.00015670097491238266,
5,3379,,0.00014790601562708616,
5,3389,,0.00013967807171866298,
5,3399,,0.00014624139294028282,
5,3409,,0.00012705099652521312,
5,3419,,0.00013660015247296542,
5,3429,,0.0001301145675824955,
5,3439,,0.00013557574129663408,
5,3449,,0.00014655072300229222,
5,3459,,0.00016614726337138563,
5,3469,,0.0001540149241918698,
5,3479,,0.00017101186676882207,
5,3489,,0.0001316650304943323,
5,3499,,0.0001285157195525244,
5,3509,,0.00014045432908460498,
5,3519,,0.00015607147361151874,
5,3529,,0.00013202473928686231,
5,3539,,0.00012574215361382812,
5,3549,,0.00013167459110263735,
5,3559,,0.00013404362834990025,
5,3569,,0.00014232340618036687,
5,3579,,0.00016226741718128324,
5,3589,,0.00013434731226880103,
5,3599,,0.00013506169489119202,
5,3609,,0.00013409421080723405,
5,3619,,0.00013757891429122537,
5,3629,,0.0001243955484824255,
5,3639,,0.00012704942491836846,
5,3649,,0.0001271678920602426,
5,3659,,0.00012504357437137514,
5,3669,,0.0001224450970767066,
5,3679,,0.00014744202781002969,
5,3689,,0.00015517369320150465,
5,3699,,0.00013573023898061365,
5,3709,,0.00012086045171599835,
5,3719,,0.0001266812178073451,
5,3729,,0.00012737566430587322,
5,3739,,0.00013304474123287946,
5,3749,,0.0001466426911065355,
5,3749,,,0.00014125816232990474
5,3749,0.00014614495739806443,,
6,3759,,0.00017151561041828245,
6,3769,,0.00013238204701337963,
6,3779,,0.00012833034270443022,
6,3789,,0.00013945894897915423,
6,3799,,0.0001704461610643193,
6,3809,,0.00016959750792011619,
6,3819,,0.00013757510168943554,
6,3829,,0.00012549116217996925,
6,3839,,0.00012588799290824682,
6,3849,,0.00013908579421695322,
6,3859,,0.00014402777014765888,
6,3869,,0.000135357171529904,
6,3879,,0.0001953786559170112,
6,3889,,0.00014156100223772228,
6,3899,,0.00015241799701470882,
6,3909,,0.000144869540235959,
6,3919,,0.0001356496213702485,
6,3929,,0.0001448965776944533,
6,3939,,0.00012937647989019752,
6,3949,,0.00013607968867290765,
6,3959,,0.00013213245256338269,
6,3969,,0.00013722202857024968,
6,3979,,0.00013726715405937284,
6,3989,,0.00015211550635285676,
6,3999,,0.00015884838649071753,
6,4009,,0.00013684452278539538,
6,4019,,0.0002037863596342504,
6,4029,,0.00012204817903693765,
6,4039,,0.00012694502947852015,
6,4049,,0.00013381776807364076,
6,4059,,0.0001354531414108351,
6,4069,,0.0001473609881941229,
6,4079,,0.0001407288946211338,
6,4089,,0.0001368666416965425,
6,4099,,0.0001534362236270681,
6,4109,,0.00014274739078246057,
6,4119,,0.00012576099834404886,
6,4129,,0.00012071715900674462,
6,4139,,0.00011800964421126992,
6,4149,,0.00012365687871351838,
6,4159,,0.00012364296708256006,
6,4169,,0.00012925440387334675,
6,4179,,0.0001257807743968442,
6,4189,,0.00012223946396261454,
6,4199,,0.00012585503282025456,
6,4209,,0.0001327405625488609,
6,4219,,0.0001175901634269394,
6,4229,,0.00015533683472312987,
6,4239,,0.00017947364540304989,
6,4249,,0.0001515560579719022,
6,4259,,0.00012072347453795373,
6,4269,,0.00015646063548047096,
6,4279,,0.00014568885671906173,
6,4289,,0.00012562898336909711,
6,4299,,0.0001299653376918286,
6,4309,,0.00013734643289353698,
6,4319,,0.00012692631571553648,
6,4329,,0.0001388142118230462,
6,4339,,0.00015298501239158213,
6,4349,,0.00012204821541672572,
6,4359,,0.00012817085371352732,
6,4369,,0.00013625447172671556,
6,4374,,,0.00012413127114996314
6,4374,0.00014040671521797776,,
7,4379,,0.0001440214109607041,
7,4389,,0.00013881272752769291,
7,4399,,0.00014656520215794444,
7,4409,,0.00014925593859516084,
7,4419,,0.00014141750580165535,
7,4429,,0.00016683344438206404,
7,4439,,0.00013722766016144305,
7,4449,,0.0001254924136446789,
7,4459,,0.00013731399667449296,
7,4469,,0.00011698451999109238,
7,4479,,0.00012620794586837292,
7,4489,,0.00013161714014131576,
7,4499,,0.0001482977095292881,
7,4509,,0.00013935923925600946,
7,4519,,0.00012779991084244102,
7,4529,,0.00016053284343797714,
7,4539,,0.00013157582725398242,
7,4549,,0.00015697527851443738,
7,4559,,0.0001329275983152911,
7,4569,,0.00013741187285631895,
7,4579,,0.00011650823580566794,
7,4589,,0.00014591636136174202,
7,4599,,0.00011870946764247492,
7,4609,,0.00013266281166579574,
7,4619,,0.00012680405052378774,
7,4629,,0.00013172754552215338,
7,4639,,0.00012654326565098017,
7,4649,,0.00014029511658009142,
7,4659,,0.0001590913743712008,
7,4669,,0.00014923495473340154,
7,4679,,0.0001411768316756934,
7,4689,,0.00011522408021846786,
7,4699,,0.00013423309428617358,
7,4709,,0.00013118705828674138,
7,4719,,0.00012772975605912507,
7,4729,,0.00013017983292229474,
7,4739,,0.0001261400175280869,
7,4749,,0.0001257355761481449,
7,4759,,0.00014943834685254842,
7,4769,,0.00014244964404497296,
7,4779,,0.0002355536271352321,
7,4789,,0.00013916836178395897,
7,4799,,0.00015389338659588248,
7,4809,,0.0001561331155244261,
7,4819,,0.00011654628906399012,
7,4829,,0.00011788295523729175,
7,4839,,0.00011983830336248502,
7,4849,,0.00012323078408371657,
7,4859,,0.00011730722326319665,
7,4869,,0.00014618846762459725,
7,4879,,0.00013506853429134935,
7,4889,,0.00012006692850263789,
7,4899,,0.000115787930553779,
7,4909,,0.00012219874770380557,
7,4919,,0.0001259934069821611,
7,4929,,0.00013461627531796694,
7,4939,,0.00013296485121827573,
7,4949,,0.00012267130659893155,
7,4959,,0.00012260950461495668,
7,4969,,0.00012919757864437997,
7,4979,,0.00013330942601896822,
7,4989,,0.00012327164586167783,
7,4999,,0.00012077372230123729,
7,4999,,,0.0001215956435771659
7,4999,0.00013420553295873106,,
8,5009,,0.00012592211714945734,
8,5019,,0.0001459541090298444,
8,5029,,0.0001622115378268063,
8,5039,,0.00012974394485354424,
8,5049,,0.0001452112919650972,
8,5059,,0.00012760201934725046,
8,5069,,0.00012452926603145897,
8,5079,,0.00012115207937313244,
8,5089,,0.00014981241838540882,
8,5099,,0.0001292705856030807,
8,5109,,0.00013022858183830976,
8,5119,,0.00016403611516579986,
8,5129,,0.00012818817049264908,
8,5139,,0.0001464220113120973,
8,5149,,0.00016326365584973246,
8,5159,,0.0001234253286384046,
8,5169,,0.00014429251314140856,
8,5179,,0.00011823179374914616,
8,5189,,0.0001411604171153158,
8,5199,,0.0001323750038864091,
8,5209,,0.00013249822950456291,
8,5219,,0.00012882948794867843,
8,5229,,0.00012674230674747378,
8,5239,,0.0001283957826672122,
8,5249,,0.00014401343651115894,
8,5259,,0.00013526104157790542,
8,5269,,0.00015599069593008608,
8,5279,,0.00011390944564482197,
8,5289,,0.00011752185673685744,
8,5299,,0.00014315823500510305,
8,5309,,0.00013861815386917442,
8,5319,,0.00012494278780650347,
8,5329,,0.00011911291221622378,
8,5339,,0.00011631127563305199,
8,5349,,0.00011343717051204294,
8,5359,,0.00012262866948731244,
8,5369,,0.00011937241652049124,
8,5379,,0.00014424731489270926,
8,5389,,0.00015724694821983576,
8,5399,,0.0001713473175186664,
8,5409,,0.00014135066885501146,
8,5419,,0.00012239250645507127,
8,5429,,0.00012921850429847836,
8,5439,,0.00015515353879891336,
8,5449,,0.00011285247455816716,
8,5459,,0.00010904536611633375,
8,5469,,0.00012167865497758612,
8,5479,,0.00012349736061878502,
8,5489,,0.00011481752153486013,
8,5499,,0.00011746143718482926,
8,5509,,0.00012711771705653518,
8,5519,,0.00014518143143504858,
8,5529,,0.00014082691632211208,
8,5539,,0.00014814017049502581,
8,5549,,0.00013473507715389132,
8,5559,,0.0001278494019061327,
8,5569,,0.00013450234837364405,
8,5579,,0.00012452350347302854,
8,5589,,0.00012070072261849418,
8,5599,,0.0001773795811459422,
8,5609,,0.0001270223583560437,
8,5619,,0.00012492973473854363,
8,5624,,,0.00012545619392767549
8,5624,0.0001322957978118211,,
9,5629,,0.00012177855387562886,
9,5639,,0.00012649597192648798,
9,5649,,0.00015485106268897653,
9,5659,,0.00012346290168352425,
9,5669,,0.00011641375022009015,
9,5679,,0.0001355630811303854,
9,5689,,0.00012687522394116968,
9,5699,,0.0001207020104629919,
9,5709,,0.00014831373118795455,
9,5719,,0.00012807226448785514,
9,5729,,0.00013428843521978706,
9,5739,,0.00012092459655832499,
9,5749,,0.00012452181545086205,
9,5759,,0.00011306608212180436,
9,5769,,0.00011749195255106315,
9,5779,,0.00013011660485062748,
9,5789,,0.00011762839130824432,
9,5799,,0.00011615672701736912,
9,5809,,0.00011955441004829481,
9,5819,,0.00012259963841643184,
9,5829,,0.00014820850628893822,
9,5839,,0.00011218022700631991,
9,5849,,0.00011917885422008112,
9,5859,,0.00015690051077399403,
9,5869,,0.0001524483086541295,
9,5879,,0.00011486825678730384,
9,5889,,0.00011920942779397592,
9,5899,,0.00012283040268812329,
9,5909,,0.0001437302998965606,
9,5919,,0.0001283951278310269,
9,5929,,0.00011972479842370376,
9,5939,,0.00011494122736621648,
9,5949,,0.00011843329411931336,
9,5959,,0.00012051952217007056,
9,5969,,0.0001319637958658859,
9,5979,,0.0001189862668979913,
9,5989,,0.00010969415598083287,
9,5999,,0.00011388583516236395,
9,6009,,0.0001453286240575835,
9,6019,,0.00022020570759195834,
9,6029,,0.00015259537030942738,
9,6039,,0.00011997687397524714,
9,6049,,0.00011748755059670657,
9,6059,,0.00011054148490075022,
9,6069,,0.00011264142813161016,
9,6079,,0.00011624627950368449,
9,6089,,0.00011482881382107735,
9,6099,,0.00011368576087988913,
9,6109,,0.0001245504099642858,
9,6119,,0.000119042131700553,
9,6129,,0.0001157201622845605,
9,6139,,0.00011099550465587527,
9,6149,,0.00012448322377167642,
9,6159,,0.00011010171874659136,
9,6169,,0.00011650776286842301,
9,6179,,0.00013179407687857747,
9,6189,,0.00011233102122787386,
9,6199,,0.00011911252659047022,
9,6209,,0.00013758675777353346,
9,6219,,0.00010691425995901227,
9,6229,,0.00012191504356451333,
9,6239,,0.00011368452396709472,
9,6249,,0.00011935856309719384,
9,6249,,,0.00011235107376705855
9,6249,0.00012731242168229073,,
10,6259,,0.00011994680971838534,
10,6269,,0.00011966621968895197,
10,6279,,0.00011341125355102122,
10,6289,,0.0001109426812035963,
10,6299,,0.00013084293459542096,
10,6309,,0.00014291367551777512,
10,6319,,0.00011627367348410189,
10,6329,,0.0001161582549684681,
10,6339,,0.00011842867388622835,
10,6349,,0.00014005214325152338,
10,6359,,0.00013233172649051994,
10,6369,,0.0001368800876662135,
10,6379,,0.00020993631915189326,
10,6389,,0.00013808245421387255,
10,6399,,0.00012896749831270427,
10,6409,,0.00011615677794907242,
10,6419,,0.00012611369311343879,
10,6429,,0.0001224020670633763,
10,6439,,0.00011684732453431934,
10,6449,,0.00012126770889153704,
10,6459,,0.00012703753600362688,
10,6469,,0.00012011481157969683,
10,6479,,0.0001348843943560496,
10,6489,,0.00012581584451254457,
10,6499,,0.00012100695312255993,
10,6509,,0.00011660663585644215,
10,6519,,0.0001103210961446166,
10,6529,,0.00011946725862799212,
10,6539,,0.00011830822768388316,
10,6549,,0.00011885987623827532,
10,6559,,0.0001232698850799352,
10,6569,,0.00012032301310682669,
10,6579,,0.000129168140119873,
10,6589,,0.00011615971743594855,
10,6599,,0.00013984827091917396,
10,6609,,0.00012442788283806294,
10,6619,,0.00012513221008703113,
10,6629,,0.00011588635243242607,
10,6639,,0.00012303980474825948,
10,6649,,0.0001239964331034571,
10,6659,,0.00011788343545049429,
10,6669,,0.0001485734392190352,
10,6679,,0.0001862856006482616,
10,6689,,0.00017838292114902288,
10,6699,,0.0001330896484432742,
10,6709,,0.00011309930414427072,
10,6719,,0.000116756658826489,
10,6729,,0.0001188188252854161,
10,6739,,0.00012037505803164095,
10,6749,,0.00012000861170236021,
10,6759,,0.00012813937792088836,
10,6769,,0.00011221297609154135,
10,6779,,0.00012023420276818797,
10,6789,,0.00011036384967155755,
10,6799,,0.00012140426406404004,
10,6809,,0.0001232642971444875,
10,6819,,0.00013348263746593148,
10,6829,,0.00013919640332460403,
10,6839,,0.00015108830120880157,
10,6849,,0.0001190305411000736,
10,6859,,0.00011506326700327918,
10,6869,,0.00011932534835068509,
10,6874,,,0.00012276103370822966
10,6874,0.00012745996355079114,,
11,6879,,0.00014916174404788762,
11,6889,,0.00011724653450073674,
11,6899,,0.00012475710536818951,
11,6909,,0.00012192358553875238,
11,6919,,0.00012318788503762335,
11,6929,,0.00012349439202807844,
11,6939,,0.00011963232100242749,
11,6949,,0.00011385658581275493,
11,6959,,0.00012023787712678313,
11,6969,,0.00011754185834433883,
11,6979,,0.00011145998723804951,
11,6989,,0.00012810909538529813,
11,6999,,0.00012222141958773136,
11,7009,,0.0001274424430448562,
11,7019,,0.00012130010145483539,
11,7029,,0.0001152317418018356,
11,7039,,0.00011605193139985204,
11,7049,,0.00011980543058598414,
11,7059,,0.00012128151865908876,
11,7069,,0.00011454996274551377,
11,7079,,0.00011650692613329738,
11,7089,,0.00011402773816371337,
11,7099,,0.00012812373461201787,
11,7109,,0.0001437835890101269,
11,7119,,0.00013312100782059133,
11,7129,,0.00011778946645790711,
11,7139,,0.0001175871366285719,
11,7149,,0.00013565551489591599,
11,7159,,0.00011614936374826357,
11,7169,,0.00014872032625135034,
11,7179,,0.00012926811177749187,
11,7189,,0.0001224550069309771,
11,7199,,0.0001207430541398935,
11,7209,,0.0001226445019710809,
11,7219,,0.00013492614380083978,
11,7229,,0.0001485003303969279,
11,7239,,0.0001133196274167858,
11,7249,,0.000118310606922023,
11,7259,,0.0001169177339761518,
11,7269,,0.0001228797627845779,
11,7279,,0.00011474053462734446,
11,7289,,0.00015870782954152673,
11,7299,,0.00012950490054208785,
11,7309,,0.00013302749721333385,
11,7319,,0.00013347555068321526,
11,7329,,0.00014575026580132544,
11,7339,,0.00016110298747662455,
11,7349,,0.00012000246351817623,
11,7359,,0.00011524015280883759,
11,7369,,0.00011413623724365607,
11,7379,,0.00011968899343628436,
11,7389,,0.0001224630541400984,
11,7399,,0.00011428703146521002,
11,7409,,0.00011713935964507982,
11,7419,,0.00011576234101084992,
11,7429,,0.00011454376362962648,
11,7439,,0.00010776848648674786,
11,7449,,0.00011969041224801913,
11,7459,,0.00011735703446902335,
11,7469,,0.00012147922097938135,
11,7479,,0.00012477149721235037,
11,7489,,0.00010850681428564712,
11,7499,,0.00011550683120731264,
11,7499,,,0.00011756012099795043
11,7499,0.00012195267481729388,,
12,7509,,0.00012083478941349313,
12,7519,,0.00014580463175661862,
12,7529,,0.00012088657240383327,
12,7539,,0.00014180132711771876,
12,7549,,0.00017514938372187316,
12,7559,,0.00013756827684119344,
12,7569,,0.00011609536886680871,
12,7579,,0.00011654557602014393,
12,7589,,0.00012042532034683973,
12,7599,,0.00011052032641600817,
12,7609,,0.00011172254744451493,
12,7619,,0.00012098486331524327,
12,7629,,0.0001538142969366163,
12,7639,,0.00014315787120722234,
12,7649,,0.00011818666098406538,
12,7659,,0.00011705412180162966,
12,7669,,0.00011583226296352223,
12,7679,,0.00011636412818916142,
12,7689,,0.00011235021520406008,
12,7699,,0.00011819481005659327,
12,7709,,0.00011314146831864491,
12,7719,,0.0001246939500560984,
12,7729,,0.0001373021659674123,
12,7739,,0.00011929163883905858,
12,7749,,0.00013091049913782626,
12,7759,,0.0001135651400545612,
12,7769,,0.00011117127723991871,
12,7779,,0.0001367423974443227,
12,7789,,0.0001107457501348108,
12,7799,,0.00012081755994586274,
12,7809,,0.00011166639887960628,
12,7819,,0.00011958050163229927,
12,7829,,0.0001159206367447041,
12,7839,,0.00011570002970984206,
12,7849,,0.00011332667054375634,
12,7859,,0.00011618611461017281,
12,7869,,0.00012167164823040366,
12,7879,,0.00011959860421484336,
12,7889,,0.00012104568304494023,
12,7899,,0.000134725880343467,
12,7909,,0.00012011610670015216,
12,7919,,0.00012443795276340097,
12,7929,,0.00011738694593077525,
12,7939,,0.00011943822028115392,
12,7949,,0.00010958893835777417,
12,7959,,0.00011625762999756262,
12,7969,,0.00013782939640805125,
12,7979,,0.00011606064799707383,
12,7989,,0.00013081282668281347,
12,7999,,0.00011868325236719102,
12,8009,,0.00012414214143063873,
12,8019,,0.00012450292706489563,
12,8029,,0.00011563483712961897,
12,8039,,0.00016300284187309444,
12,8049,,0.0003075581043958664,
12,8059,,0.00013117662456352264,
12,8069,,0.00011633452231762931,
12,8079,,0.00012225743557792157,
12,8089,,0.00011171514051966369,
12,8099,,0.00011338070908095688,
12,8109,,0.00011180926230736077,
12,8119,,0.00011481592810014263,
12,8124,,,0.00011248744704062119
12,8124,0.00012384093133732677,,
13,8129,,0.0001088363496819511,
13,8139,,0.00012500399316195399,
13,8149,,0.00011223453475395218,
13,8159,,0.00012142721243435517,
13,8169,,0.00011309098044876009,
13,8179,,0.00011341831850586459,
13,8189,,0.00011721478222170845,
13,8199,,0.00012067827628925443,
13,8209,,0.00011263533815508708,
13,8219,,0.00011495289072627202,
13,8229,,0.00011611067748162895,
13,8239,,0.00010926734103122726,
13,8249,,0.00012148358655394986,
13,8259,,0.00011507617455208674,
13,8269,,0.00011612664820859209,
13,8279,,0.00011861151870107278,
13,8289,,0.00010880872287089005,
13,8299,,0.00011515174992382526,
13,8309,,0.00011835151235572994,
13,8319,,0.00011090203042840585,
13,8329,,0.00011036590149160475,
13,8339,,0.00012234206951688975,
13,8349,,0.00012256712943781167,
13,8359,,0.000134332527522929,
13,8369,,0.00012108949886169285,
13,8379,,0.0001301943848375231,
13,8389,,0.00012574497668538243,
13,8399,,0.00014233810361474752,
13,8409,,0.00012546515790745616,
13,8419,,0.0001227327884407714,
13,8429,,0.00011646514758467674,
13,8439,,0.0001178104939754121,
13,8449,,0.00012564039207063615,
13,8459,,0.00011208463547518477,
13,8469,,0.00011075699876528233,
13,8479,,0.0001151038013631478,
13,8489,,0.00011179110151715577,
13,8499,,0.000129498410387896,
13,8509,,0.00011525329318828881,
13,8519,,0.0001251306530321017,
13,8529,,0.00012436739052645862,
13,8539,,0.00011221737076994032,
13,8549,,0.00011461955728009343,
13,8559,,0.0001374406274408102,
13,8569,,0.00011552088835742325,
13,8579,,0.00011845707194879651,
13,8589,,0.00011586955224629492,
13,8599,,0.00012050766963511705,
13,8609,,0.000113186142698396,
13,8619,,0.00011435133637860417,
13,8629,,0.00011188455391675234,
13,8639,,0.00011429229925852269,
13,8649,,0.00011319304030621424,
13,8659,,0.00014325816300697625,
13,8669,,0.00012269310536794364,
13,8679,,0.00012317571963649243,
13,8689,,0.0001202213388751261,
13,8699,,0.00014211004599928856,
13,8709,,0.00011149598140036687,
13,8719,,0.00010917196050286293,
13,8729,,0.00011846933193737641,
13,8739,,0.00012201102799735963,
13,8749,,0.00011332570284139365,
13,8749,,,0.00011938479292439297
13,8749,0.00011906438157893717,,
14,8759,,0.00011562386498553678,
14,8769,,0.00011247218208154663,
14,8779,,0.0001221900893142447,
14,8789,,0.00012256379704922438,
14,8799,,0.0001450013369321823,
14,8809,,0.00011564748274395242,
14,8819,,0.00011868061847053468,
14,8829,,0.00011317267490085214,
14,8839,,0.00013482487702276558,
14,8849,,0.00012095575948478654,
14,8859,,0.00012316637730691582,
14,8869,,0.00012945292110089213,
14,8879,,0.00011589061614358798,
14,8889,,0.00010927148105110973,
14,8899,,0.00010746886255219579,
14,8909,,0.00011625697516137734,
14,8919,,0.00010915532766375691,
14,8929,,0.00010908953845500946,
14,8939,,0.00010832001862581819,
14,8949,,0.00011081150296377018,
14,8959,,0.00012343077105470002,
14,8969,,0.00012859715207014233,
14,8979,,0.00011568694026209414,
14,8989,,0.00012803409481421113,
14,8999,,0.00011699152673827484,
14,9009,,0.0001279360440094024,
14,9019,,0.00011085494043072686,
14,9029,,0.00011084055586252362,
14,9039,,0.0001224454608745873,
14,9049,,0.00011620314762694761,
14,9059,,0.0001105056144297123,
14,9069,,0.00011667824583128095,
14,9079,,0.00011415223707444966,
14,9089,,0.00012633569713216275,
14,9099,,0.0001308679929934442,
14,9109,,0.00011689237726386636,
14,9119,,0.00011805356189142913,
14,9129,,0.00011098203685833141,
14,9139,,0.00012506413622759283,
14,9149,,0.0001244784361915663,
14,9159,,0.00011547830945346504,
14,9169,,0.00011862769315484911,
14,9179,,0.00010841630137292668,
14,9189,,0.0001114143306040205,
14,9199,,0.00011906985309906304,
14,9209,,0.00011980839917669073,
14,9219,,0.00012000241258647293,
14,9229,,0.0001228888868354261,
14,9239,,0.00011812613229267299,
14,9249,,0.00011134392116218805,
14,9259,,0.00013016343291383237,
14,9269,,0.00014231989916879684,
14,9279,,0.00011893937335116789,
14,9289,,0.00011646001803455874,
14,9299,,0.00011370653373887762,
14,9309,,0.00011671044921968132,
14,9319,,0.0001298529823543504,
14,9329,,0.00011067093873862177,
14,9339,,0.00010996245691785589,
14,9349,,0.00010967629350489005,
14,9359,,0.00012188957043690607,
14,9369,,0.00013993614993523806,
14,9374,,,0.00013223970017861575
14,9374,0.00011864875705214217,,
15,9379,,0.00012153194256825373,
15,9389,,0.00013076838513370603,
15,9399,,0.0001223944709636271,
15,9409,,0.0001340831076959148,
15,9419,,0.00011647139763226733,
15,9429,,0.00013907784887123853,
15,9439,,0.00012761160905938596,
15,9449,,0.00011225185880903155,
15,9459,,0.00012455137039069086,
15,9469,,0.00011112460924778134,
15,9479,,0.00012009682541247457,
15,9489,,0.00011125639866804704,
15,9499,,0.00010596552601782605,
15,9509,,0.00012176093878224492,
15,9519,,0.00011554834782145917,
15,9529,,0.0001115676568588242,
15,9539,,0.00010698659025365487,
15,9549,,0.00011587270273594186,
15,9559,,0.00011684554920066148,
15,9569,,0.00011597174307098612,
15,9579,,0.00011503381392685696,
15,9589,,0.0001133340410888195,
15,9599,,0.00011254428682150319,
15,9609,,0.00012856093235313892,
15,9619,,0.00011269897368038073,
15,9629,,0.00014504999853670597,
15,9639,,0.00011473569611553103,
15,9649,,0.00013224217400420457,
15,9659,,0.0001276824768865481,
15,9669,,0.00011977691610809416,
15,9679,,0.00012218565098010004,
15,9689,,0.00011815842299256474,
15,9699,,0.00011967786122113466,
15,9709,,0.00010967837442876771,
15,9719,,0.00011506620649015531,
15,9729,,0.0001249335618922487,
15,9739,,0.00011549926421139389,
15,9749,,0.0001244798768311739,
15,9759,,0.00011957663809880614,
15,9769,,0.00011424851982155815,
15,9779,,0.0001251152134500444,
15,9789,,0.00013688809121958911,
15,9799,,0.00012244487879797816,
15,9809,,0.00011976922542089596,
15,9819,,0.0001078122149920091,
15,9829,,0.00012099424930056557,
15,9839,,0.00012425948807504028,
15,9849,,0.0001251885696547106,
15,9859,,0.00011045438441215083,
15,9869,,0.00012360324035398662,
15,9879,,0.00011730600090231746,
15,9889,,0.00010803735494846478,
15,9899,,0.00011353787704138085,
15,9909,,0.00011284822539892048,
15,9919,,0.00011503182031447068,
15,9929,,0.00011797851766459644,
15,9939,,0.0001398457825416699,
15,9949,,0.0001159218154498376,
15,9959,,0.00011179084685863927,
15,9969,,0.000125230842968449,
15,9979,,0.00011139932757942006,
15,9989,,0.0001189834947581403,
15,9999,,0.00011535943485796452,
15,9999,,,0.00011122548312414438
15,9999,0.0001186395893455483,,
16,10009,,0.00011906250438187271,
16,10019,,0.00010952499724226072,
16,10029,,0.00010729953646659851,
16,10039,,0.0001151055985246785,
16,10049,,0.00011697520676534623,
16,10059,,0.00011951632041018456,
16,10069,,0.00011672621621983126,
16,10079,,0.00010470396227901801,
16,10089,,0.0001082162416423671,
16,10099,,0.00011615801486186683,
16,10109,,0.00011364718375261873,
16,10119,,0.00012026389595121145,
16,10129,,0.00010996934724971652,
16,10139,,0.0001159499806817621,
16,10149,,0.00014243308396544307,
16,10159,,0.00012008877820335329,
16,10169,,0.00011371981236152351,
16,10179,,0.00012357599916867912,
16,10189,,0.00012306518328841776,
16,10199,,0.00011749938857974485,
16,10209,,0.00012028493802063167,
16,10219,,0.00013498197949957103,
16,10229,,0.00012150863040005788,
16,10239,,0.00013234085054136813,
16,10249,,0.00012281478848308325,
16,10259,,0.00012225532555021346,
16,10269,,0.00010750076035037637,
16,10279,,0.00010839253081940114,
16,10289,,0.00011277846351731569,
16,10299,,0.00011211731907678768,
16,10309,,0.00010930012649623677,
16,10319,,0.00011004511179635301,
16,10329,,0.00010756483243312687,
16,10339,,0.00011876330972881988,
16,10349,,0.00011378953058738261,
16,10359,,0.00012013706873403862,
16,10369,,0.00012081494060112163,
16,10379,,0.00011105047451565042,
16,10389,,0.0001238105760421604,
16,10399,,0.00012078315194230527,
16,10409,,0.0001273976085940376,
16,10419,,0.00013047356333117932,
16,10429,,0.00012113874254282564,
16,10439,,0.00012309472367633134,
16,10449,,0.00011772570724133402,
16,10459,,0.00013230628974270076,
16,10469,,0.00012942425382789224,
16,10479,,0.00012188745313324034,
16,10489,,0.00010909203410847113,
16,10499,,0.00011673421249724925,
16,10509,,0.00011280845501460135,
16,10519,,0.00011905071733053774,
16,10529,,0.00011213678226340562,
16,10539,,0.00010989101429004222,
16,10549,,0.00010785076301544905,
16,10559,,0.00012014900130452588,
16,10569,,0.00011730246478691697,
16,10579,,0.00011156203981954604,
16,10589,,0.00011423971591284499,
16,10599,,0.0001079690846381709,
16,10609,,0.00010924095113296062,
16,10619,,0.00011675873247440904,
16,10624,,,0.00011531736527103931
16,10624,0.00011647659266600385,,
17,10629,,0.00010861422924790531,
17,10639,,0.00011232335964450613,
17,10649,,0.00011081963020842522,
17,10659,,0.0001175875513581559,
17,10669,,0.00011896186333615333,
17,10679,,0.00011152039951412007,
17,10689,,0.00011480037937872112,
17,10699,,0.00011882732360390946,
17,10709,,0.00011699434253387153,
17,10719,,0.0001257692347280681,
17,10729,,0.00011308238754281774,
17,10739,,0.00011252547119511291,
17,10749,,0.00011138015543110669,
17,10759,,0.00011447942961240187,
17,10769,,0.0001257080730283633,
17,10779,,0.00011181535955984145,
17,10789,,0.00011232327960897237,
17,10799,,0.00011443793482612818,
17,10809,,0.0001203743668156676,
17,10819,,0.00010848655074369162,
17,10829,,0.00010795592243084684,
17,10839,,0.00010999225924024358,
17,10849,,0.00012917675485368818,
17,10859,,0.0001226957974722609,
17,10869,,0.0001219191835843958,
17,10879,,0.00011027655273210257,
17,10889,,0.00012862418952863663,
17,10899,,0.0001188069290947169,
17,10909,,0.00012188459368189797,
17,10919,,0.00010921648936346173,
17,10929,,0.00011245022324146703,
17,10939,,0.00012787365994881839,
17,10949,,0.00011465366696938872,
17,10959,,0.00010998527432093397,
17,10969,,0.00011720948532456532,
17,10979,,0.00011833806638605893,
17,10989,,0.00011632659152382985,
17,10999,,0.00011516954691614956,
17,11009,,0.00013793131802231073,
17,11019,,0.00011398313654353842,
17,11029,,0.0001327747741015628,
17,11039,,0.00011041249672416598,
17,11049,,0.00011556178651517257,
17,11059,,0.00011234234989387915,
17,11069,,0.00011178766726516187,
17,11079,,0.00011262561747571453,
17,11089,,0.00012131685798522085,
17,11099,,0.00013654229405801743,
17,11109,,0.00011006124259438366,
17,11119,,0.00011061312397941947,
17,11129,,0.0001202237035613507,
17,11139,,0.00010815915447892621,
17,11149,,0.00011319410987198353,
17,11159,,0.0001102351161534898,
17,11169,,0.00012127324589528143,
17,11179,,0.00012083390902262181,
17,11189,,0.0001270544744329527,
17,11199,,0.00011486779112601653,
17,11209,,0.00011561505380086601,
17,11219,,0.00010779192234622315,
17,11229,,0.00011477607040433213,
17,11239,,0.00010922865476459265,
17,11249,,0.00010720836144173518,
17,11249,,,0.00010843454947462305
17,11249,0.00011632531823124737,,
18,11259,,0.00011628145875874907,
18,11269,,0.0001157996739493683,
18,11279,,0.0001133636906160973,
18,11289,,0.00010840129107236862,
18,11299,,0.00011299980542389676,
18,11309,,0.00011089759937021881,
18,11319,,0.00011050963075831532,
18,11329,,0.00011082950368290767,
18,11339,,0.00012585984950419515,
18,11349,,0.0001175070574390702,
18,11359,,0.0001115935665438883,
18,11369,,0.00011760149209294468,
18,11379,,0.0001140927997766994,
18,11389,,0.0001083321767509915,
18,11399,,0.00011001290840795264,
18,11409,,0.00011293301213299856,
18,11419,,0.00011596547847148031,
18,11429,,0.00010609099263092503,
18,11439,,0.00011390282452339306,
18,11449,,0.00010762529564090073,
18,11459,,0.00012080321175744757,
18,11469,,0.00013309469795785844,
18,11479,,0.00011322483624098822,
18,11489,,0.00011370053107384592,
18,11499,,0.00012422008148860186,
18,11509,,0.00011822301894426346,
18,11519,,0.00011655261187115684,
18,11529,,0.00010928361734841019,
18,11539,,0.00011053196067223325,
18,11549,,0.00010660797852324322,
18,11559,,0.00011904502753168344,
18,11569,,0.00011945169535465539,
18,11579,,0.00010825393110280856,
18,11589,,0.00011121924762846902,
18,11599,,0.00011818560597021133,
18,11609,,0.00011566385364858434,
18,11619,,0.00011910444300156087,
18,11629,,0.00012196352327009663,
18,11639,,0.00011440840171417221,
18,11649,,0.00011611423542490229,
18,11659,,0.00011351521970937029,
18,11669,,0.00011875145719386637,
18,11679,,0.00011376553447917104,
18,11689,,0.0001349800149910152,
18,11699,,0.00011535164958331734,
18,11709,,0.0001377977168885991,
18,11719,,0.0001121705790865235,
18,11729,,0.00010853885760297999,
18,11739,,0.00011367104161763564,
18,11749,,0.0001251295325346291,
18,11759,,0.00011288637324469164,
18,11769,,0.00011898292723344639,
18,11779,,0.00011223738692933694,
18,11789,,0.0001197979727294296,
18,11799,,0.0001096036285161972,
18,11809,,0.0001127909345086664,
18,11819,,0.00010758252756204456,
18,11829,,0.00011109819024568424,
18,11839,,0.00011357887706253678,
18,11849,,0.00011333620932418853,
18,11859,,0.00012876019172836095,
18,11869,,0.00011244330380577594,
18,11874,,,0.00011789525888161734
18,11874,0.00011488946620374918,,
19,11879,,0.00011863843246828765,
19,11889,,0.00011549406190169975,
19,11899,,0.00011979024566244334,
19,11909,,0.00011335215822327882,
19,11919,,0.00010645070142345503,
19,11929,,0.00010957467748085037,
19,11939,,0.0001076436456060037,
19,11949,,0.0001055228931363672,
19,11959,,0.00011548262409633026,
19,11969,,0.00012303984840400517,
19,11979,,0.00012390805932227522,
19,11989,,0.0001317856222158298,
19,11999,,0.00011859333608299494,
19,12009,,0.0001166766815003939,
19,12019,,0.00011321010970277712,
19,12029,,0.00011009144509444013,
19,12039,,0.0001139113082899712,
19,12049,,0.00011277489102212712,
19,12059,,0.00011861686652991921,
19,12069,,0.0001125931812566705,
19,12079,,0.00010919111082330346,
19,12089,,0.0001260535209439695,
19,12099,,0.00010549401486059651,
19,12109,,0.00011251519026700407,
19,12119,,0.00011612712842179462,
19,12129,,0.00010687874600989744,
19,12139,,0.00010839418246177956,
19,12149,,0.00010508831473998725,
19,12159,,0.00010914132872130722,
19,12169,,0.0001298347197007388,
19,12179,,0.00012651082943193614,
19,12189,,0.0001156991784228012,
19,12199,,0.00012261152733117342,
19,12209,,0.00012443364539649338,
19,12219,,0.00012741758837364614,
19,12229,,0.00013617852528113872,
19,12239,,0.00011918012023670599,
19,12249,,0.0001165061621577479,
19,12259,,0.00011972928768955171,
19,12269,,0.00012148613313911483,
19,12279,,0.00011254849232500419,
19,12289,,0.00011659051233436912,
19,12299,,0.000104135564470198,
19,12309,,0.00011003919644281268,
19,12319,,0.00011003886902472004,
19,12329,,0.00012184912338852882,
19,12339,,0.00010644656867953017,
19,12349,,0.00011712517152773216,
19,12359,,0.0001130563032347709,
19,12369,,0.00010696986282709986,
19,12379,,0.00010970703442580998,
19,12389,,0.00011239288141950965,
19,12399,,0.00012209337728563696,
19,12409,,0.00011306964006507769,
19,12419,,0.00011452216131146997,
19,12429,,0.00011342066864017397,
19,12439,,0.00011217730207135901,
19,12449,,0.00012408509792294353,
19,12459,,0.00011899405944859609,
19,12469,,0.00012004112068098038,
19,12479,,0.00011656696733552963,
19,12489,,0.00011577399709494784,
19,12499,,0.0001296555419685319,
19,12499,,,0.00013198693341109902
19,12499,0.000114977709017694,,
20,12509,,0.0001186668814625591,
20,12519,,0.00013646458683069795,
20,12529,,0.00012670934665948153,
20,12539,,0.00011897734657395631,
20,12549,,0.00012107472866773605,
20,12559,,0.00010697871766751632,
20,12569,,0.00010730480425991118,
20,12579,,0.00010605672287056223,
20,12589,,0.0001087691416614689,
20,12599,,0.00011053964408347383,
20,12609,,0.00011110508785350248,
20,12619,,0.00011306195665383711,
20,12629,,0.00011489120515761897,
20,12639,,0.00011226464994251728,
20,12649,,0.00011059448297601193,
20,12659,,0.00011802068911492825,
20,12669,,0.00011527523020049557,
20,12679,,0.00011411982268327847,
20,12689,,0.00010975544864777476,
20,12699,,0.00011126010213047266,
20,12709,,0.00012111265823477879,
20,12719,,0.00011449464363977313,
20,12729,,0.00011022405669791624,
20,12739,,0.0001160084648290649,
20,12749,,0.00011054613423766568,
20,12759,,0.00011892338807228953,
20,12769,,0.00011477572843432426,
20,12779,,0.0001118129221140407,
20,12789,,0.00010710438073147088,
20,12799,,0.00011204040492884815,
20,12809,,0.00010764793114503846,
20,12819,,0.00011048751184716821,
20,12829,,0.00010576593194855377,
20,12839,,0.00010727051267167553,
20,12849,,0.00010959559585899115,
20,12859,,0.00011278633610345423,
20,12869,,0.00010981476225424558,
20,12879,,0.0001218201796291396,
20,12889,,0.0001061844959622249,
20,12899,,0.00011545950837899,
20,12909,,0.00011087938764831051,
20,12919,,0.00010828387894434854,
20,12929,,0.00011960110714426264,
20,12939,,0.0001109334989450872,
20,12949,,0.00010627766459947452,
20,12959,,0.00010931950964732096,
20,12969,,0.00011339379125274718,
20,12979,,0.00011337186879245564,
20,12989,,0.00011229552910663188,
20,12999,,0.00011534058285178617,
20,13009,,0.00011179952707607299,
20,13019,,0.00011392522719688714,
20,13029,,0.00010770360677270219,
20,13039,,0.00010553735046414658,
20,13049,,0.00010847744124475867,
20,13059,,0.000108477717731148,
20,13069,,0.0001056038454407826,
20,13079,,0.00010952777665806934,
20,13089,,0.00011273442942183465,
20,13099,,0.00011750328849302605,
20,13109,,0.00011886638822034001,
20,13119,,0.00011776605970226228,
20,13124,,,0.00011456791253294796
20,13124,0.00011415023618610576,,
21,13129,,0.00011974474182352424,
21,13139,,0.00010960508370772004,
21,13149,,0.00011507047020131722,
21,13159,,0.00011140808783238754,
21,13169,,0.0001119891821872443,
21,13179,,0.00010688066686270759,
21,13189,,0.00010997548088198528,
21,13199,,0.00011087510210927576,
21,13209,,0.00011063554120482877,
21,13219,,0.00012040660658385605,
21,13229,,0.00012091017561033368,
21,13239,,0.0001130695382016711,
21,13249,,0.00011817181803053245,
21,13259,,0.00011040208482882008,
21,13269,,0.0001061954244505614,
21,13279,,0.0001086237607523799,
21,13289,,0.00011823631939478219,
21,13299,,0.00011627079948084429,
21,13309,,0.00011486007861094549,
21,13319,,0.00011034814087906852,
21,13329,,0.00011096255911979824,
21,13339,,0.00011453316255938262,
21,13349,,0.00011240031017223373,
21,13359,,0.0001102336827898398,
21,13369,,0.00011104993609478697,
21,13379,,0.00010799679148476571,
21,13389,,0.00010584693518467247,
21,13399,,0.00011577533587114885,
21,13409,,0.00013226948794908822,
21,13419,,0.0001084610412362963,
21,13429,,0.00010956262849504128,
21,13439,,0.00010661115811672062,
21,13449,,0.00010785199992824346,
21,13459,,0.00011026296851923689,
21,13469,,0.0001247478649020195,
21,13479,,0.00012623381917364895,
21,13489,,0.0001302471209783107,
21,13499,,0.000121163138828706,
21,13509,,0.00011502512643346563,
21,13519,,0.00012469284411054105,
21,13529,,0.00010982253297697753,
21,13539,,0.00011356393224559724,
21,13549,,0.00011558378173504025,
21,13559,,0.00011152293882332742,
21,13569,,0.00011061430268455297,
21,13579,,0.00012063755275448784,
21,13589,,0.00011355961760273203,
21,13599,,0.00010720315913204104,
21,13609,,0.00011220685701118782,
21,13619,,0.00011231316602788866,
21,13629,,0.00011261889449087903,
21,13639,,0.00010852012201212347,
21,13649,,0.00010867127275560051,
21,13659,,0.00011271821858827025,
21,13669,,0.00011094717046944425,
21,13679,,0.00011901399557245895,
21,13689,,0.00011244774213992059,
21,13699,,0.00010704685701057315,
21,13709,,0.00010872651182580739,
21,13719,,0.00011915059440070763,
21,13729,,0.00012188729306217283,
21,13739,,0.00010869390098378062,
21,13749,,0.00011605684994719923,
21,13749,,,0.00011288288806099445
21,13749,0.00011422335228417069,,
22,13759,,0.0001132074830820784,
22,13769,,0.0001256700197700411,
22,13779,,0.00011093338252976537,
22,13789,,0.00010957527410937473,
22,13799,,0.00010656660015229136,
22,13809,,0.0001140694075729698,
22,13819,,0.00010766281775431708,
22,13829,,0.00010935984028037637,
22,13839,,0.00010724462481448427,
22,13849,,0.00011103293218184263,
22,13859,,0.00010995166667271405,
22,13869,,0.00011029249435523525,
22,13879,,0.00010435480362502858,
22,13889,,0.00010155920608667657,
22,13899,,0.0001096751875593327,
22,13909,,0.00010710527567425743,
22,13919,,0.0001108006908907555,
22,13929,,0.00011638815340120345,
22,13939,,0.00012637267354875803,
22,13949,,0.00011864373664138839,
22,13959,,0.00013003173808101565,
22,13969,,0.00013018281606491655,
22,13979,,0.00012101586617063731,
22,13989,,0.00011434117914177477,
22,13999,,0.00010737397678894922,
22,14009,,0.0001035794775816612,
22,14019,,0.00011036678188247606,
22,14029,,0.0001124390255426988,
22,14039,,0.00010859347821678966,
22,14049,,0.00011499813990667462,
22,14059,,0.00010457114694872871,
22,14069,,0.00010772449604701251,
22,14079,,0.00010671012569218874,
22,14089,,0.00011788461415562779,
22,14099,,0.00011577632540138438,
22,14109,,0.00011651183012872934,
22,14119,,0.00011507246381370351,
22,14129,,0.00011199151776963845,
22,14139,,0.00010680220293579623,
22,14149,,0.00010893715807469562,
22,14159,,0.00011005026317434385,
22,14169,,0.00011084444122388959,
22,14179,,0.00010474932059878483,
22,14189,,0.00010609596938593313,
22,14199,,0.00010960544022964314,
22,14209,,0.00011240056483075023,
22,14219,,0.00011190897203050554,
22,14229,,0.0001052946099662222,
22,14239,,0.00011207350326003507,
22,14249,,0.00010957430640701205,
22,14259,,0.00011566623288672417,
22,14269,,0.00012075352424290031,
22,14279,,0.00011126809113193303,
22,14289,,0.00011114269000245258,
22,14299,,0.00010995237244060263,
22,14309,,0.00011219409498153254,
22,14319,,0.00010855223081307486,
22,14329,,0.00010901575296884403,
22,14339,,0.00012175596202723682,
22,14349,,0.00011404988617869094,
22,14359,,0.00011988339247182012,
22,14369,,0.00012248581333551556,
22,14374,,,0.00011562985309865326
22,14374,0.00011263199121458456,,
23,14379,,0.00010908671538345516,
23,14389,,0.00010505367390578613,
23,14399,,0.00011115965753560886,
23,14409,,0.00011341547360643744,
23,14419,,0.00010654916695784777,
23,14429,,0.00011156022810610011,
23,14439,,0.00010624753485899419,
23,14449,,0.00011650111264316365,
23,14459,,0.0001218048419104889,
23,14469,,0.00010690341150620952,
23,14479,,0.00011389631981728598,
23,14489,,0.00011332837311783805,
23,14499,,0.0001162599292001687,
23,14509,,0.00010733552335295826,
23,14519,,0.00011181814625160769,
23,14529,,0.00014726976223755628,
23,14539,,0.0001175229626824148,
23,14549,,0.00010528531856834888,
23,14559,,0.00013818904699292034,
23,14569,,0.00013433232379611582,
23,14579,,0.00011340141645632684,
23,14589,,0.00011989727499894798,
23,14599,,0.00011374833411537111,
23,14609,,0.00011124285811092705,
23,14619,,0.00011000586528098211,
23,14629,,0.0001117273059207946,
23,14639,,0.00010824539640452713,
23,14649,,0.00011068597814301029,
23,14659,,0.00011035965871997178,
23,14669,,0.00010725784522946924,
23,14679,,0.00010483338701305911,
23,14689,,0.00010578625369817019,
23,14699,,0.00010951302829198539,
23,14709,,0.00011070231266785413,
23,14719,,0.00011377014743629843,
23,14729,,0.00011450762394815683,
23,14739,,0.000112149900814984,
23,14749,,0.00011234236444579437,
23,14759,,0.00011434350744821131,
23,14769,,0.00010894803563132882,
23,14779,,0.00011100504343630746,
23,14789,,0.00010636085789883509,
23,14799,,0.00010503829253138974,
23,14809,,0.00010733278759289533,
23,14819,,0.00010683123400667682,
23,14829,,0.00011594257375691086,
23,14839,,0.00010945030953735113,
23,14849,,0.00010909604316111654,
23,14859,,0.00011230678501306102,
23,14869,,0.00010547692363616079,
23,14879,,0.00011016327334800735,
23,14889,,0.0001161872933153063,
23,14899,,0.00010587568976916373,
23,14909,,0.00010923985246336088,
23,14919,,0.0001090391815523617,
23,14929,,0.00011186491610715166,
23,14939,,0.00011119894043076783,
23,14949,,0.0001171461190097034,
23,14959,,0.00011383644596207887,
23,14969,,0.00011904868733836338,
23,14979,,0.00012201987556181848,
23,14989,,0.0001170463947346434,
23,14999,,0.0001181985207949765,
23,14999,,,0.00011737945169443265
23,14999,0.00011236183490836993,,
24,15009,,0.00011193083628313616,
24,15019,,0.00011310062109259889,
24,15029,,0.00011425001139286906,
24,15039,,0.00011357175390003249,
24,15049,,0.0001118220025091432,
24,15059,,0.00011550963972695172,
24,15069,,0.00011591229849727824,
24,15079,,0.00010576321801636368,
24,15089,,0.00011134279338875785,
24,15099,,0.0001108469587052241,
24,15109,,0.00010702590952860191,
24,15119,,0.0001064608950400725,
24,15129,,0.00010970665607601404,
24,15139,,0.0001241948048118502,
24,15149,,0.00011868431465700269,
24,15159,,0.00011512763012433425,
24,15169,,0.0001135245111072436,
24,15179,,0.0001173478303826414,
24,15189,,0.00011354163871146739,
24,15199,,0.00011602885206229985,
24,15209,,0.00011669687228277326,
24,15219,,0.00010841734183486551,
24,15229,,0.00010958968778140843,
24,15239,,0.00011112769425380975,
24,15249,,0.00010585765994619578,
24,15259,,0.00010608828597469255,
24,15269,,0.00010822369949892163,
24,15279,,0.00010875969019252807,
24,15289,,0.00010995941556757316,
24,15299,,0.00010758930147858337,
24,15309,,0.0001174042554339394,
24,15319,,0.00011682172043947503,
24,15329,,0.00011449726298451424,
24,15339,,0.00013102298544254154,
24,15349,,0.00011670880485326052,
24,15359,,0.0001125455237342976,
24,15369,,0.00011104816803708673,
24,15379,,0.00010907987598329782,
24,15389,,0.0001168921371572651,
24,15399,,0.0001176438745460473,
24,15409,,0.00011173552775289863,
24,15419,,0.00011321587226120755,
24,15429,,0.00010490883869351819,
24,15439,,0.00010364451736677438,
24,15449,,0.00010801247117342427,
24,15459,,0.00011061874829465523,
24,15469,,0.00011039027594961226,
24,15479,,0.00012766268628183752,
24,15489,,0.00011046902363887057,
24,15499,,0.0001147073126048781,
24,15509,,0.00011401659139664844,
24,15519,,0.00011440007074270397,
24,15529,,0.00011088331666542217,
24,15539,,0.00011048475425923243,
24,15549,,0.00011109264596598223,
24,15559,,0.00010674663644749671,
24,15569,,0.00011076479859184474,
24,15579,,0.00011443931725807488,
24,15589,,0.00011493999772937968,
24,15599,,0.00010499708878342062,
24,15609,,0.00011148705380037427,
24,15619,,0.00010912113066297024,
24,15624,,,0.00010968100104946643
24,15624,0.00011250369425397366,,
25,15629,,0.00011231233656872064,
25,15639,,0.00011346249812049791,
25,15649,,0.00011047711450373754,
25,15659,,0.00010575140186119825,
25,15669,,0.00011136440298287198,
25,15679,,0.00011025374260498211,
25,15689,,0.000110273074824363,
25,15699,,0.00011038402590202168,
25,15709,,0.00011483711568871513,
25,15719,,0.00011011888273060322,
25,15729,,0.00011041441757697612,
25,15739,,0.00011030698078684509,
25,15749,,0.00010817588190548122,
25,15759,,0.0001053825908456929,
25,15769,,0.0001124075788538903,
25,15779,,0.00010721202852437273,
25,15789,,0.00011292658018646762,
25,15799,,0.0001147670263890177,
25,15809,,0.0001058619818650186,
25,15819,,0.00011176723637618124,
25,15829,,0.00011485841241665184,
25,15839,,0.00010756506526377052,
25,15849,,0.00010503046360099688,
25,15859,,0.00010850327817024663,
25,15869,,0.00010655048390617594,
25,15879,,0.00010945155372610316,
25,15889,,0.00010657531674951315,
25,15899,,0.00011458760855020955,
25,15909,,0.0001094973340514116,
25,15919,,0.00010848999227164313,
25,15929,,0.00010456745803821832,
25,15939,,0.00011095042282249779,
25,15949,,0.00011544214066816494,
25,15959,,0.00011851127783302218,
25,15969,,0.00011079262912971899,
25,15979,,0.00010999186633853242,
25,15989,,0.00011519257532199845,
25,15999,,0.0001195255754282698,
25,16009,,0.00010974711767630652,
25,16019,,0.00011941276170546189,
25,16029,,0.00011222047032788396,
25,16039,,0.00010937567276414484,
25,16049,,0.00010413111886009574,
25,16059,,0.00010739840217866004,
25,16069,,0.00010704766464186832,
25,16079,,0.00011207371426280588,
25,16089,,0.00011165540490765125,
25,16099,,0.00011435023043304682,
25,16109,,0.00011214077676413581,
25,16119,,0.00011782535875681788,
25,16129,,0.00011259356688242406,
25,16139,,0.00011343193909851834,
25,16149,,0.00011366238322807476,
25,16159,,0.00010899275366682559,
25,16169,,0.00010987652058247477,
25,16179,,0.00012111404066672549,
25,16189,,0.00011663884652080014,
25,16199,,0.00010904568625846878,
25,16209,,0.0001174643257400021,
25,16219,,0.00012039254215778783,
25,16229,,0.00011293764691799879,
25,16239,,0.00011072365305153653,
25,16249,,0.00010621679393807426,
25,16249,,,0.00010692974319681525
25,16249,0.00011193494719918817,,
26,16259,,0.00010994700278388336,
26,16269,,0.00011096061643911526,
26,16279,,0.00010852170089492574,
26,16289,,0.00010857870074687526,
26,16299,,0.00010943487723125145,
26,16309,,0.00011185064067831263,
26,16319,,0.00010870964615605772,
26,16329,,0.00010887766256928444,
26,16339,,0.00012032520317006856,
26,16349,,0.00010737423872342333,
26,16359,,0.00010910764103755355,
26,16369,,0.0001057712797774002,
26,16379,,0.00010614379425533116,
26,16389,,0.0001122824614867568,
26,16399,,0.00011020812235074118,
26,16409,,0.00010701212158892304,
26,16419,,0.00011035162606276572,
26,16429,,0.00010698668484110385,
26,16439,,0.00010907075193244964,
26,16449,,0.0001110661105485633,
26,16459,,0.00011105579324066639,
26,16469,,0.00011700250615831465,
26,16479,,0.00010347566421842203,
26,16489,,0.00010573334293439984,
26,16499,,0.00010597263462841511,
26,16509,,0.0001208927424158901,
26,16519,,0.00011123218428110704,
26,16529,,0.00011025836283806711,
26,16539,,0.00011163682211190462,
26,16549,,0.00012248801067471504,
26,16559,,0.00010594885679893196,
26,16569,,0.0001066266922862269,
26,16579,,0.00011220022133784369,
26,16589,,0.00011048117448808625,
26,16599,,0.0001106717245420441,
26,16609,,0.0001061218063114211,
26,16619,,0.00010778203431982547,
26,16629,,0.0001162403350463137,
26,16639,,0.00011729665857274085,
26,16649,,0.00011178767454111949,
26,16659,,0.00010447070235386491,
26,16669,,0.00010515732719795778,
26,16679,,0.00010676228703232482,
26,16689,,0.00010988311987603083,
26,16699,,0.00010979366197716445,
26,16709,,0.00011386566620785743,
26,16719,,0.0001098058492061682,
26,16729,,0.0001093719110940583,
26,16739,,0.0001080233632819727,
26,16749,,0.00010675211524358019,
26,16759,,0.0001068150086211972,
26,16769,,0.00010805448982864618,
26,16779,,0.00010653501522028819,
26,16789,,0.00011327963875373825,
26,16799,,0.00011443033145042136,
26,16809,,0.00010505893442314118,
26,16819,,0.00010803114128066227,
26,16829,,0.00010795924026751891,
26,16839,,0.00012221885845065117,
26,16849,,0.0001063200252247043,
26,16859,,0.00010770189692266285,
26,16869,,0.0001187709131045267,
26,16874,,,0.00012243472156114876
26,16874,0.00011063856800319627,,
27,16879,,0.00011323927901685238,
27,16889,,0.00012199232878629118,
27,16899,,0.00011974819062743336,
27,16909,,0.00011483574780868366,
27,16919,,0.00010974117321893573,
27,16929,,0.00011103976430604234,
27,16939,,0.00010951932199532166,
27,16949,,0.00010828758968273178,
27,16959,,0.00010686877794796601,
27,16969,,0.00011793158046202734,
27,16979,,0.0001150851821876131,
27,16989,,0.00010479613411007449,
27,16999,,0.00010872386337723583,
27,17009,,0.000106246312498115,
27,17019,,0.00011176669067936018,
27,17029,,0.00011206995986867696,
27,17039,,0.00010969105642288923,
27,17049,,0.0001263774756807834,
27,17059,,0.00011337358591845259,
27,17069,,0.00010700462007662281,
27,17079,,0.0001063621457433328,
27,17089,,0.00010717938130255789,
27,17099,,0.00010525440302444622,
27,17109,,0.00011159112182212994,
27,17119,,0.00010969638242386281,
27,17129,,0.00010590910096652806,
27,17139,,0.00010533301247050986,
27,17149,,0.00011090227781096473,
27,17159,,0.00011428917059674859,
27,17169,,0.00011519390682224184,
27,17179,,0.00010711781942518428,
27,17189,,0.00010997783101629466,
27,17199,,0.00010986897541442886,
27,17209,,0.0001059113783412613,
27,17219,,0.00011407513375161216,
27,17229,,0.00010501383803784847,
27,17239,,0.00010888096585404128,
27,17249,,0.00011034991621272638,
27,17259,,0.00011159745190525427,
27,17269,,0.00010821290197782218,
27,17279,,0.00011517194798216224,
27,17289,,0.00011268757953075692,
27,17299,,0.00011456220090622082,
27,17309,,0.00010558902431512251,
27,17319,,0.00011274958524154499,
27,17329,,0.00011037712101824582,
27,17339,,0.00011029594315914437,
27,17349,,0.00010844156349776313,
27,17359,,0.00010868608660530299,
27,17369,,0.00011148331395816058,
27,17379,,0.00010481986828381196,
27,17389,,0.00011325760715408251,
27,17399,,0.00011258367158006877,
27,17409,,0.00011365594400558621,
27,17419,,0.00011284235370112583,
27,17429,,0.00011254739365540445,
27,17439,,0.0001128392614191398,
27,17449,,0.00011696961155394092,
27,17459,,0.0001082099843188189,
27,17469,,0.00011365956015652046,
27,17479,,0.00011103556607849896,
27,17489,,0.00011412672029109672,
27,17499,,0.00010777203715406358,
27,17499,,,0.0001068133205990307
27,17499,0.00011082124547101557,,
28,17509,,0.00010365502384956926,
28,17519,,0.0001134559279307723,
28,17529,,0.0001125176131608896,
28,17539,,0.00011366236140020192,
28,17549,,0.00011246720532653853,
28,17559,,0.00010763746831798926,
28,17569,,0.00010402120824437588,
28,17579,,0.00010836309957085177,
28,17589,,0.00011004928819602355,
28,17599,,0.00011409841681597754,
28,17609,,0.00010925878450507298,
28,17619,,0.00011167450429638848,
28,17629,,0.00010788118379423395,
28,17639,,0.00010721502621890977,
28,17649,,0.00011268042726442218,
28,17659,,0.00010817606380442157,
28,17669,,0.00010631467739585787,
28,17679,,0.00010684799053706229,
28,17689,,0.00010425082291476429,
28,17699,,0.00010857330926228315,
28,17709,,0.00011088095925515518,
28,17719,,0.00010604760609567165,
28,17729,,0.00010434423165861517,
28,17739,,0.00010891412239288911,
28,17749,,0.00011771067511290312,
28,17759,,0.00010705209570005536,
28,17769,,0.00011262706539127976,
28,17779,,0.00010583702533040196,
28,17789,,0.00011337429896229878,
28,17799,,0.00011456535139586776,
28,17809,,0.0001188980313600041,
28,17819,,0.00011539078695932403,
28,17829,,0.00011507560702739283,
28,17839,,0.0001157328806584701,
28,17849,,0.00010860586917260662,
28,17859,,0.00010880318586714566,
28,17869,,0.00011228341463720426,
28,17879,,0.00011076761438744143,
28,17889,,0.00011589297355385497,
28,17899,,0.00011473164340713993,
28,17909,,0.0001132549878093414,
28,17919,,0.00010665324953151867,
28,17929,,0.0001039945418597199,
28,17939,,0.00011050789180444553,
28,17949,,0.0001091508602257818,
28,17959,,0.0001118984873755835,
28,17969,,0.00011400593939470127,
28,17979,,0.00011344302038196474,
28,17989,,0.00011209650983801112,
28,17999,,0.00011134247324662283,
28,18009,,0.00011196796549484134,
28,18019,,0.00011016559437848628,
28,18029,,0.00010841295443242416,
28,18039,,0.00010827342339325696,
28,18049,,0.00011433713370934129,
28,18059,,0.0001114441329264082,
28,18069,,0.0001099872388294898,
28,18079,,0.00010982449748553336,
28,18089,,0.00010712815128499642,
28,18099,,0.00010419654427096248,
28,18109,,0.00010850241960724816,
28,18119,,0.00010561742237769067,
28,18124,,,0.00010766895138658583
28,18124,0.00010996308265021071,,
29,18129,,0.00011231608368689194,
29,18139,,0.00011934184294659644,
29,18149,,0.00010921599459834397,
29,18159,,0.0001135071215685457,
29,18169,,0.00011220974556636065,
29,18179,,0.00012563483323901892,
29,18189,,0.00010793752880999818,
29,18199,,0.00011176045518368483,
29,18209,,0.00011111401545349509,
29,18219,,0.00010914733138633892,
29,18229,,0.00011343390360707417,
29,18239,,0.0001136002319981344,
29,18249,,0.00011937660747207701,
29,18259,,0.0001152697586803697,
29,18269,,0.0001088489661924541,
29,18279,,0.00010732873488450423,
29,18289,,0.0001073946405085735,
29,18299,,0.00010914584709098563,
29,18309,,0.00011100339179392904,
29,18319,,0.00010806692444020882,
29,18329,,0.00011116550012957305,
29,18339,,0.00010725020547397435,
29,18349,,0.00010643704445101321,
29,18359,,0.00011367752449586987,
29,18369,,0.00011094695946667343,
29,18379,,0.00011068495223298669,
29,18389,,0.00011344208178343251,
29,18399,,0.0001117817300837487,
29,18409,,0.00011379458737792447,
29,18419,,0.00010641980770742521,
29,18429,,0.00010811947868205607,
29,18439,,0.0001060121285263449,
29,18449,,0.0001080243891919963,
29,18459,,0.00011595431715250015,
29,18469,,0.00011001575330737978,
29,18479,,0.0001093081955332309,
29,18489,,0.00010423873027320951,
29,18499,,0.00011102318239863962,
29,18509,,0.00011255764547968283,
29,18519,,0.00010518591443542391,
29,18529,,0.00010785673657665029,
29,18539,,0.00011053340858779848,
29,18549,,0.00010909172124229372,
29,18559,,0.00010536358604440466,
29,18569,,0.00011557105608517304,
29,18579,,0.00011304991494398564,
29,18589,,0.00010925955575658008,
29,18599,,0.00010744654719019309,
29,18609,,0.00010882007336476818,
29,18619,,0.00011128665937576443,
29,18629,,0.00011260444443905726,
29,18639,,0.0001088637945940718,
29,18649,,0.0001054878521244973,
29,18659,,0.0001091419835574925,
29,18669,,0.00011014442861778662,
29,18679,,0.00011276823352091014,
29,18689,,0.0001126476563513279,
29,18699,,0.00010501778888283297,
29,18709,,0.00010936758189927787,
29,18719,,0.00011472390906419605,
29,18729,,0.0001127269642893225,
29,18739,,0.00011076856026193127,
29,18749,,0.00011580769205465913,
29,18749,,,0.00011085605365224183
29,18749,0.00011078990792157128,,
30,18759,,0.00010827501682797447,
30,18769,,0.00010649164323695004,
30,18779,,0.00011138730769744143,
30,18789,,0.00010965465480694547,
30,18799,,0.00011537555838003755,
30,18809,,0.00011237019498366863,
30,18819,,0.0001096621053875424,
30,18829,,0.00011005975829903036,
30,18839,,0.00010798390576383099,
30,18849,,0.00011317492317175493,
30,18859,,0.00010628181917127222,
30,18869,,0.00010552642197581008,
30,18879,,0.00010702753934310749,
30,18889,,0.00010887935786740854,
30,18899,,0.00011305857333354652,
30,18909,,0.00011394229659345001,
30,18919,,0.0001101319066947326,
30,18929,,0.00010797700815601274,
30,18939,,0.00011697110312525183,
30,18949,,0.00010449898400111124,
30,18959,,0.00010664708679541945,
30,18969,,0.0001132845864049159,
30,18979,,0.00011722788622137159,
30,18989,,0.00010846871009562165,
30,18999,,0.0001089288416551426,
30,19009,,0.00010973514872603118,
30,19019,,0.00011540899868123233,
30,19029,,0.00011490682663861662,
30,19039,,0.00011453656043158844,
30,19049,,0.00011090032785432413,
30,19059,,0.00010594484047032893,
30,19069,,0.00010788743384182453,
30,19079,,0.00010959342762362212,
30,19089,,0.00011332358553772792,
30,19099,,0.00010954163008136675,
30,19109,,0.00011193414684385061,
30,19119,,0.00011335919407429174,
30,19129,,0.00011591344809858128,
30,19139,,0.00011250456009292975,
30,19149,,0.00010630468023009598,
30,19159,,0.00010469002154422924,
30,19169,,0.00010592757462291047,
30,19179,,0.00011817900667665526,
30,19189,,0.0001126673087128438,
30,19199,,0.00011273824202362448,
30,19209,,0.00010998822108376771,
30,19219,,0.00011063519195886329,
30,19229,,0.00011385469406377524,
30,19239,,0.00010653092613210902,
30,19249,,0.00010526985715841874,
30,19259,,0.00011100559640908614,
30,19269,,0.00011480491230031475,
30,19279,,0.00011014955816790462,
30,19289,,0.00011386712867533788,
30,19299,,0.00010909116826951504,
30,19309,,0.00010732371447375044,
30,19319,,0.00011757027095882222,
30,19329,,0.0001088412682292983,
30,19339,,0.00011609219654928893,
30,19349,,0.00012372412311378866,
30,19359,,0.00011334421287756413,
30,19369,,0.00010643934365361929,
30,19374,,,0.0001069777863449417
30,19374,0.0001106953714042902,,
31,19379,,0.000106135914393235,
31,19389,,0.00010904561349889264,
31,19399,,0.00010874258441617712,
31,19409,,0.0001087693017325364,
31,19419,,0.00010793649562401697,
31,19429,,0.00010723839659476653,
31,19439,,0.00010765346087282524,
31,19449,,0.00010672792268451303,
31,19459,,0.00011448019358795136,
31,19469,,0.00011042213736800477,
31,19479,,0.0001192754425574094,
31,19489,,0.00011519472172949463,
31,19499,,0.00010685488086892292,
31,19509,,0.00010765828483272344,
31,19519,,0.00011108738544862717,
31,19529,,0.00010811660467879847,
31,19539,,0.00011014049232471734,
31,19549,,0.00010777602437883615,
31,19559,,0.00011062436533393338,
31,19569,,0.00011334237933624536,
31,19579,,0.00011409724538680166,
31,19589,,0.0001086880438379012,
31,19599,,0.00010888803808484226,
31,19609,,0.00010858938185265288,
31,19619,,0.00010860448674065992,
31,19629,,0.00010833041596924886,
31,19639,,0.00010941632353933528,
31,19649,,0.00010760382428998128,
31,19659,,0.00010836530418600887,
31,19669,,0.00011734137660823762,
31,19679,,0.00011800677020801231,
31,19689,,0.00010961905354633927,
31,19699,,0.00010751929949037731,
31,19709,,0.00010905521048698574,
31,19719,,0.0001118946383940056,
31,19729,,0.00011106942838523537,
31,19739,,0.00010752455273177475,
31,19749,,0.00010574115003691986,
31,19759,,0.00010806065984070301,
31,19769,,0.00011164013267261907,
31,19779,,0.00011030554014723748,
31,19789,,0.00010532357555348426,
31,19799,,0.00010701925930334255,
31,19809,,0.00011161885049659759,
31,19819,,0.00011017846554750577,
31,19829,,0.00011275266297161579,
31,19839,,0.00011078973329858854,
31,19849,,0.00011104306759079918,
31,19859,,0.00010588122677290812,
31,19869,,0.00010910028504440561,
31,19879,,0.00011319538316456601,
31,19889,,0.00010626186849549413,
31,19899,,0.00010162418766412884,
31,19909,,0.00010997521894751117,
31,19919,,0.00011302313941996545,
31,19929,,0.0001114442347898148,
31,19939,,0.00011381505464669317,
31,19949,,0.00010677013051463291,
31,19959,,0.00010505464888410643,
31,19969,,0.0001066034019459039,
31,19979,,0.00011121269926661626,
31,19989,,0.00010907423711614683,
31,19999,,0.00010747942724265158,
31,19999,,,0.0001062507726601325
31,19999,0.0001097584463423118,,
32,20009,,0.0001095016923500225,
32,20019,,0.00011393766908440739,
32,20029,,0.00011043945414712653,
32,20039,,0.00010712779476307333,
32,20049,,0.00010679956176318228,
32,20059,,0.00010489906708244234,
32,20069,,0.00010719606507336721,
32,20079,,0.00010181180550716817,
32,20089,,0.00010630703764036298,
32,20099,,0.0001118070213124156,
32,20109,,0.00010926712275249884,
32,20119,,0.00011188492499059066,
32,20129,,0.00011276813893346116,
32,20139,,0.00011237080616410822,
32,20149,,0.00011627502681221813,
32,20159,,0.00011267157969996333,
32,20169,,0.00010559428483247757,
32,20179,,0.00011261292092967778,
32,20189,,0.0001053358064382337,
32,20199,,0.0001047292971634306,
32,20209,,0.00010849124373635277,
32,20219,,0.00011004789121216163,
32,20229,,0.00010640958498697728,
32,20239,,0.00011020930833183229,
32,20249,,0.00010771570669021457,
32,20259,,0.00011011055903509259,
32,20269,,0.00010594705236144364,
32,20279,,0.0001102472742786631,
32,20289,,0.00010312219092156738,
32,20299,,0.00011316185555187985,
32,20309,,0.0001064572497853078,
32,20319,,0.00010456392919877544,
32,20329,,0.00010714882228057832,
32,20339,,0.0001116190105676651,
32,20349,,0.00010724872845457867,
32,20359,,0.00011636302951956168,
32,20369,,0.00011670534877339378,
32,20379,,0.00010763511090772226,
32,20389,,0.00011160873691551387,
32,20399,,0.00010455731535330415,
32,20409,,0.00010949254647130147,
32,20419,,0.00010655519872670993,
32,20429,,0.000108223786810413,
32,20439,,0.00010827909136423841,
32,20449,,0.00010928616393357515,
32,20459,,0.00010997265781043097,
32,20469,,0.00010516373004065827,
32,20479,,0.00010708445915952325,
32,20489,,0.00011263348278589547,
32,20499,,0.00011404793622205034,
32,20509,,0.00010711771028582007,
32,20519,,0.00011363616795279086,
32,20529,,0.00010641272092470899,
32,20539,,0.00010655981168383732,
32,20549,,0.00010552002640906721,
32,20559,,0.00010662136628525332,
32,20569,,0.00010661747364792973,
32,20579,,0.00010805443889694288,
32,20589,,0.00010875041334656999,
32,20599,,0.00010890443809330463,
32,20609,,0.00010477576142875478,
32,20619,,0.00010409978858660907,
32,20624,,,0.00010393717093393207
32,20624,0.00010894395381910726,,
33,20629,,0.00010682510037440807,
33,20639,,0.00010427137749502435,
33,20649,,0.00010977088095387444,
33,20659,,0.00010978921636706218,
33,20669,,0.00011612165690166876,
33,20679,,0.00010612852202029899,
33,20689,,0.0001113956022891216,
33,20699,,0.00010678817488951609,
33,20709,,0.00010324153845431283,
33,20719,,0.00012247641279827803,
33,20729,,0.0001071951919584535,
33,20739,,0.00011716846347553656,
33,20749,,0.00011164386523887515,
33,20759,,0.00010967367416014895,
33,20769,,0.00011748880933737382,
33,20779,,0.00011391263251425698,
33,20789,,0.00011081655975431204,
33,20799,,0.00011042227561119944,
33,20809,,0.00011169045319547877,
33,20819,,0.00010812927939696237,
33,20829,,0.00010800700692925602,
33,20839,,0.00010237086098641157,
33,20849,,0.00010833254782482982,
33,20859,,0.00010580748494248837,
33,20869,,0.00010736270633060485,
33,20879,,0.00010649607429513708,
33,20889,,0.00010161964746657759,
33,20899,,0.00010632653720676899,
33,20909,,0.00011227334471186623,
33,20919,,0.00010866048251045868,
33,20929,,0.00010664422006811947,
33,20939,,0.00010575902706477791,
33,20949,,0.000109882079414092,
33,20959,,0.00010430441761855036,
33,20969,,0.00010409841343061998,
33,20979,,0.00010378470324212685,
33,20989,,0.00010850759281311184,
33,20999,,0.00010688976180972531,
33,21009,,0.0001069224817911163,
33,21019,,0.00010749936336651444,
33,21029,,0.00010560827649896964,
33,21039,,0.00010991469753207639,
33,21049,,0.00010653952631400898,
33,21059,,0.00010720478894654661,
33,21069,,0.00011325137893436477,
33,21079,,0.00011030436144210398,
33,21089,,0.0001203375868499279,
33,21099,,0.00010529901192057878,
33,21109,,0.00010756445408333093,
33,21119,,0.00010625207505654544,
33,21129,,0.00010787183418869972,
33,21139,,0.0001084386749425903,
33,21149,,0.00010888074757531285,
33,21159,,0.00010682165157049894,
33,21169,,0.00011247224028920755,
33,21179,,0.00010568158904789016,
33,21189,,0.00010531104635447264,
33,21199,,0.00011042270489269868,
33,21209,,0.00011215843551326543,
33,21219,,0.00011153458763146773,
33,21229,,0.00011506096052471548,
33,21239,,0.00010897976608248428,
33,21249,,0.00010747788473963737,
33,21249,,,0.00010641013068379834
33,21249,0.00010882261994993314,,
34,21259,,0.00010446421219967306,
34,21269,,0.00010696468234527856,
34,21279,,0.0001143834597314708,
34,21289,,0.00010794499394251034,
34,21299,,0.00011570591595955193,
34,21309,,0.00011298871686449274,
34,21319,,0.00011107076716143638,
34,21329,,0.0001149195377365686,
34,21339,,0.00010610515164444223,
34,21349,,0.00010851103434106335,
34,21359,,0.00011234534031245857,
34,21369,,0.00011253014963585883,
34,21379,,0.00010610470781102777,
34,21389,,0.00010846355144167319,
34,21399,,0.00010582555114524439,
34,21409,,0.00010772226232802495,
34,21419,,0.0001164096174761653,
34,21429,,0.0001182867054012604,
34,21439,,0.00011755654850276187,
34,21449,,0.00011063111014664173,
34,21459,,0.00010792442481033504,
34,21469,,0.00010294840467395261,
34,21479,,0.00010656486847437918,
34,21489,,0.0001048552367137745,
34,21499,,0.00010837739682756364,
34,21509,,0.00010628937889123335,
34,21519,,0.0001099026994779706,
34,21529,,0.00010672469943528995,
34,21539,,0.00010449453111505136,
34,21549,,0.00011141695722471923,
34,21559,,0.00010662952263373882,
34,21569,,0.00011066575825680047,
34,21579,,0.00011041585821658373,
34,21589,,0.00011014723713742569,
34,21599,,0.000122609460959211,
34,21609,,0.00010627003211993724,
34,21619,,0.00010657068196451291,
34,21629,,0.00010752684465842322,
34,21639,,0.00011233039549551904,
34,21649,,0.00011164484021719545,
34,21659,,0.00010664508590707555,
34,21669,,0.00011017844371963292,
34,21679,,0.0001121033783419989,
34,21689,,0.00011137582623632625,
34,21699,,0.00011460483801783994,
34,21709,,0.00011054275091737509,
34,21719,,0.00010904070950346068,
34,21729,,0.00010477008618181571,
34,21739,,0.0001024348457576707,
34,21749,,0.0001081098525901325,
34,21759,,0.0001088297285605222,
34,21769,,0.00010879695764742792,
34,21779,,0.00010797423601616174,
34,21789,,0.00010836661385837942,
34,21799,,0.0001064156967913732,
34,21809,,0.00010930555436061695,
34,21819,,0.0001046943652909249,
34,21829,,0.00010389898670837283,
34,21839,,0.00010456562449689955,
34,21849,,0.0001045382086886093,
34,21859,,0.00010522973752813414,
34,21869,,0.00010632843623170629,
34,21874,,,0.00011251338582951576
34,21874,0.00010916678002104163,,
35,21879,,0.00011406518024159595,
35,21889,,0.00011682305193971843,
35,21899,,0.00011432066821726039,
35,21909,,0.00011672296386677772,
35,21919,,0.00011241972242714837,
35,21929,,0.00011320934572722763,
35,21939,,0.00010538689093664289,
35,21949,,0.0001061558214132674,
35,21959,,0.00010583231778582558,
35,21969,,0.0001061904476955533,
35,21979,,0.00011047272710129619,
35,21989,,0.00010928882693406194,
35,21999,,0.00011445726704550907,
35,22009,,0.00010425925574963912,
35,22019,,0.00010209679749095812,
35,22029,,0.00010832153930095956,
35,22039,,0.00011328329856041819,
35,22049,,0.00011007102875737473,
35,22059,,0.00010879126784857363,
35,22069,,0.00011009354057023302,
35,22079,,0.00010915693565038964,
35,22089,,0.00010652028868207708,
35,22099,,0.00010500654752831906,
35,22109,,0.0001105841074604541,
35,22119,,0.00010451375419506803,
35,22129,,0.000105022729258053,
35,22139,,0.00010597086657071486,
35,22149,,0.00010954143363051116,
35,22159,,0.00010586297867121175,
35,22169,,0.00010493201261851937,
35,22179,,0.00010485254460945725,
35,22189,,0.00011223454202990979,
35,22199,,0.00010447517706779763,
35,22209,,0.00010509527055546641,
35,22219,,0.00010503237717784941,
35,22229,,0.00010405724606243894,
35,22239,,0.00010427185770822689,
35,22249,,0.00010539517825236544,
35,22259,,0.00010528203711146489,
35,22269,,0.00010671309428289533,
35,22279,,0.00010763500176835805,
35,22289,,0.00011114165681647137,
35,22299,,0.00011219895532121882,
35,22309,,0.00012777138908859342,
35,22319,,0.00010873132123379037,
35,22329,,0.00011835030454676598,
35,22339,,0.0001137493018177338,
35,22349,,0.00011226360948057845,
35,22359,,0.00010602563997963443,
35,22369,,0.00010765049228211865,
35,22379,,0.00011128476762678474,
35,22389,,0.00010706751345423982,
35,22399,,0.00010685219604056329,
35,22409,,0.00011462553084129468,
35,22419,,0.00011003144754795358,
35,22429,,0.00011345685925334692,
35,22439,,0.00011126993922516704,
35,22449,,0.00010919695341726765,
35,22459,,0.00010485464736120775,
35,22469,,0.00010617707448545843,
35,22479,,0.00010647466115187854,
35,22489,,0.00011011233436875045,
35,22499,,0.0001114657279686071,
35,22499,,,0.00010780161392176524
35,22499,0.00010904276132350788,,
36,22509,,0.00010657766688382253,
36,22519,,0.00011074814392486587,
36,22529,,0.00010859715257538483,
36,22539,,0.00010651298362063244,
36,22549,,0.00011031678877770901,
36,22559,,0.00010510235006222501,
36,22569,,0.00010505066165933385,
36,22579,,0.00010830816609086469,
36,22589,,0.00011088360042776912,
36,22599,,0.00010311029473086819,
36,22609,,0.00010917180770775303,
36,22619,,0.00010598218068480492,
36,22629,,0.00010573006147751585,
36,22639,,0.0001035727618727833,
36,22649,,0.00010479963384568691,
36,22659,,0.0001046449615387246,
36,22669,,0.00010554999607848004,
36,22679,,0.00011041465040761977,
36,22689,,0.00011052756599383429,
36,22699,,0.00011090683256043121,
36,22709,,0.00011069494939874858,
36,22719,,0.00011606256157392636,
36,22729,,0.00010977443162119016,
36,22739,,0.00010573388863122091,
36,22749,,0.00010946745169349015,
36,22759,,0.00010553879110375419,
36,22769,,0.00010645403381204233,
36,22779,,0.000111330758954864,
36,22789,,0.00010897955507971346,
36,22799,,0.000108578875369858,
36,22809,,0.00010908943659160286,
36,22819,,0.00011012070172000676,
36,22829,,0.00010972108429996297,
36,22839,,0.00010890681005548686,
36,22849,,0.00010972239397233352,
36,22859,,0.00011028602602891624,
36,22869,,0.00010921828652499244,
36,22879,,0.0001067457560566254,
36,22889,,0.0001031822175718844,
36,22899,,0.00010772624955279753,
36,22909,,0.00010893238504650071,
36,22919,,0.00010640988330123946,
36,22929,,0.00010641639528330415,
36,22939,,0.00011345244274707511,
36,22949,,0.0001107496427721344,
36,22959,,0.00010570807353360578,
36,22969,,0.00010838299203896895,
36,22979,,0.00010733047383837402,
36,22989,,0.00010487453982932493,
36,22999,,0.00011536643432918936,
36,23009,,0.0001084932082449086,
36,23019,,0.00010997782374033704,
36,23029,,0.000108982392703183,
36,23039,,0.00011046013969462365,
36,23049,,0.00010477176692802459,
36,23059,,0.00010534336615819484,
36,23069,,0.00010641976405167952,
36,23079,,0.00010615486098686233,
36,23089,,0.00010812038817675784,
36,23099,,0.00010653783829184249,
36,23109,,0.00010605494753690436,
36,23119,,0.00011243534390814602,
36,23124,,,0.00010725649917731062
36,23124,0.00010844135249499232,,
37,23129,,0.0001098062057280913,
37,23139,,0.00010927096445811912,
37,23149,,0.00010641454719007015,
37,23159,,0.00011097236711066216,
37,23169,,0.000104427759652026,
37,23179,,0.00010984097025357187,
37,23189,,0.00010443777136970311,
37,23199,,0.00010676476813387126,
37,23209,,0.00010884366929531097,
37,23219,,0.00010425350774312392,
37,23229,,0.00011569536582101136,
37,23239,,0.00011215992708457634,
37,23249,,0.00010615352948661894,
37,23259,,0.0001067438060999848,
37,23269,,0.00010570193990133703,
37,23279,,0.00010748050408437848,
37,23289,,0.00010660446423571557,
37,23299,,0.00010615273640723899,
37,23309,,0.00010191013279836625,
37,23319,,0.00010406592627987266,
37,23329,,0.00010755798575701192,
37,23339,,0.00010578546789474785,
37,23349,,0.00010703417501645163,
37,23359,,0.00010318002750864252,
37,23369,,0.00010366742935730144,
37,23379,,0.00010861863847821951,
37,23389,,0.00011777946929214522,
37,23399,,0.0001098158536478877,
37,23409,,0.00011924299906240776,
37,23419,,0.00010890777048189193,
37,23429,,0.00011213893594685942,
37,23439,,0.00010721762373577803,
37,23449,,0.00011154632375109941,
37,23459,,0.00010975877376040444,
37,23469,,0.00011550138151505962,
37,23479,,0.00010568605648586527,
37,23489,,0.00011123174772365019,
37,23499,,0.00010397419828223065,
37,23509,,0.00010835269495146349,
37,23519,,0.00011050362081732601,
37,23529,,0.00010857170127565041,
37,23539,,0.00010798436414916068,
37,23549,,0.00010840727190952748,
37,23559,,0.00011866310524055734,
37,23569,,0.0001102779497159645,
37,23579,,0.00010796361311804503,
37,23589,,0.00010766183550003916,
37,23599,,0.00010548608406679705,
37,23609,,0.00010495799506315961,
37,23619,,0.00010274472151650116,
37,23629,,0.00010451982961967587,
37,23639,,0.00010814898269018158,
37,23649,,0.00010500295320525765,
37,23659,,0.00010435756848892197,
37,23669,,0.00010889073018915951,
37,23679,,0.00010608838056214154,
37,23689,,0.00010842257324839011,
37,23699,,0.00010156950156670064,
37,23709,,0.0001067482735379599,
37,23719,,0.00010966265108436346,
37,23729,,0.00010963221575366333,
37,23739,,0.00011789429845521227,
37,23749,,0.00011081909906351939,
37,23749,,,0.00010661357373464853
37,23749,0.00010819843009812757,,
38,23759,,0.00010758202552096918,
38,23769,,0.0001103221220546402,
38,23779,,0.00010783927427837625,
38,23789,,0.00010361203021602705,
38,23799,,0.00010594839113764465,
38,23809,,0.00010956927144434303,
38,23819,,0.00010592547914711758,
38,23829,,0.00010822407057275996,
38,23839,,0.00010769048822112381,
38,23849,,0.00010483380901860073,
38,23859,,0.00010670437040971592,
38,23869,,0.00011160433496115729,
38,23879,,0.00011652915418380871,
38,23889,,0.00010814776760526001,
38,23899,,0.00011239891318837181,
38,23909,,0.0001167435766546987,
38,23919,,0.00011350991553626955,
38,23929,,0.0001143401677836664,
38,23939,,0.00010491377906873822,
38,23949,,0.00011484841525088996,
38,23959,,0.00010546414705459028,
38,23969,,0.00010698502592276782,
38,23979,,0.00010557503264863044,
38,23989,,0.0001057255212799646,
38,23999,,0.0001076482585631311,
38,24009,,0.00010834660497494042,
38,24019,,0.00010528918210184202,
38,24029,,0.00010695911623770371,
38,24039,,0.00010689214104786515,
38,24049,,0.00010623983689583838,
38,24059,,0.00011324769729981199,
38,24069,,0.00010963017120957375,
38,24079,,0.0001059513961081393,
38,24089,,0.00011396487388992682,
38,24099,,0.00011001579696312547,
38,24109,,0.00011639956937870011,
38,24119,,0.00010720660065999255,
38,24129,,0.00010851754632312804,
38,24139,,0.00010899201151914895,
38,24149,,0.0001109422228182666,
38,24159,,0.0001068070632754825,
38,24169,,0.00010616625513648614,
38,24179,,0.00011161436850670725,
38,24189,,0.00010801585449371487,
38,24199,,0.00011174724204465747,
38,24209,,0.00010654472134774551,
38,24219,,0.00010679817933123559,
38,24229,,0.00010703135922085494,
38,24239,,0.00010573266627034172,
38,24249,,0.00011074461508542299,
38,24259,,0.00010835479770321399,
38,24269,,0.00010628485324559733,
38,24279,,0.00010946288966806605,
38,24289,,0.00010681321145966649,
38,24299,,0.0001074131068889983,
38,24309,,0.00010682874562917277,
38,24319,,0.00010823891352629289,
38,24329,,0.00010511549044167623,
38,24339,,0.00010612896585371345,
38,24349,,0.00010884583025472239,
38,24359,,0.0001062221999745816,
38,24369,,0.00010739808203652501,
38,24374,,,0.00010923917579930276
38,24374,0.00010829889652086422,,
39,24379,,0.0001096771884476766,
39,24389,,0.00011277331213932484,
39,24399,,0.00010754014510894194,
39,24409,,0.00011378560157027096,
39,24419,,0.00010895651939790696,
39,24429,,0.0001063687086571008,
39,24439,,0.00011822100350400433,
39,24449,,0.00010719038982642815,
39,24459,,0.00010592814942356199,
39,24469,,0.00010736508556874469,
39,24479,,0.00010615924838930368,
39,24489,,0.00010486347309779376,
39,24499,,0.00011063072452088818,
39,24509,,0.00011030324822058901,
39,24519,,0.00010842975461855531,
39,24529,,0.00010517405462451279,
39,24539,,0.0001050997234415263,
39,24549,,0.00010646085138432682,
39,24559,,0.00010714150266721845,
39,24569,,0.00010853402636712417,
39,24579,,0.00010933532757917419,
39,24589,,0.00010656062659109011,
39,24599,,0.00010729795030783862,
39,24609,,0.00010668406321201473,
39,24619,,0.00011042744154110551,
39,24629,,0.00010986866254825145,
39,24639,,0.0001101078451029025,
39,24649,,0.00011198273568879813,
39,24659,,0.00010944848327198997,
39,24669,,0.00010819949966389686,
39,24679,,0.00010687622125260532,
39,24689,,0.00011439802619861439,
39,24699,,0.0001072318191290833,
39,24709,,0.00010512048902455717,
39,24719,,0.00010622936679283157,
39,24729,,0.00010416566510684788,
39,24739,,0.00010511960863368586,
39,24749,,0.00010233885404886678,
39,24759,,0.000104992970591411,
39,24769,,0.0001074046958819963,
39,24779,,0.00010626439325278625,
39,24789,,0.0001067349367076531,
39,24799,,0.00010662888234946877,
39,24809,,0.0001051315848599188,
39,24819,,0.00010431816190248355,
39,24829,,0.00010524781828280538,
39,24839,,0.00010850287071662024,
39,24849,,0.00010576616477919742,
39,24859,,0.00010696431127144024,
39,24869,,0.00010986439156113192,
39,24879,,0.00010623057460179552,
39,24889,,0.00010725966421887279,
39,24899,,0.00011160887515870854,
39,24909,,0.00010348458454245701,
39,24919,,0.00010651585034793243,
39,24929,,0.00010507605475140736,
39,24939,,0.00010639713582349941,
39,24949,,0.00010702212603064254,
39,24959,,0.00010521573858568445,
39,24969,,0.0001095487386919558,
39,24979,,0.00010300155554432422,
39,24989,,0.00010743491293396801,
39,24999,,0.00011479302338557318,
39,24999,,,0.00011236195859964937
39,24999,0.000107855667010881,,
40,25009,,0.00010874759027501568,
40,25019,,0.00011621426529018208,
40,25029,,0.00010852834384422749,
40,25039,,0.00010702844156185165,
40,25049,,0.00011008424189640209,
40,25059,,0.00010575017950031906,
40,25069,,0.00010794151603477076,
40,25079,,0.00010996604396495968,
40,25089,,0.00010567315621301532,
40,25099,,0.00010787617065943778,
40,25109,,0.0001083157621906139,
40,25119,,0.00010571202437859029,
40,25129,,0.00011132143845316023,
40,25139,,0.0001105268020182848,
40,25149,,0.00010610136087052524,
40,25159,,0.00011211021774215624,
40,25169,,0.00011473664926597849,
40,25179,,0.00011302641360089183,
40,25189,,0.00011609915236476809,
40,25199,,0.00010807622311403975,
40,25209,,0.00010790840315166861,
40,25219,,0.0001066246404661797,
40,25229,,0.0001054449676303193,
40,25239,,0.00010837461741175503,
40,25249,,0.00011234445992158726,
40,25259,,0.00010560977534623817,
40,25269,,0.0001060891299857758,
40,25279,,0.00010592339094728231,
40,25289,,0.00012065057671861723,
40,25299,,0.00010892389400396496,
40,25309,,0.000101728510344401,
40,25319,,0.0001046441393555142,
40,25329,,0.00010575761552900076,
40,25339,,0.00010385723726358265,
40,25349,,0.00010761939483927563,
40,25359,,0.0001032916916301474,
40,25369,,0.0001105714327422902,
40,25379,,0.00010709429625421762,
40,25389,,0.00010352674871683121,
40,25399,,0.00010733612725744024,
40,25409,,0.00011073966743424535,
40,25419,,0.00010519169882172719,
40,25429,,0.00011219978478038684,
40,25439,,0.0001098063585232012,
40,25449,,0.00010734256647992879,
40,25459,,0.00010411217954242602,
40,25469,,0.00010396394645795226,
40,25479,,0.0001051190120051615,
40,25489,,0.00011201148299733177,
40,25499,,0.00010790962551254779,
40,25509,,0.0001063679374055937,
40,25519,,0.00011249965609749779,
40,25529,,0.00010792104149004444,
40,25539,,0.00011061406985390931,
40,25549,,0.00010623670095810667,
40,25559,,0.00010550464503467083,
40,25569,,0.0001050792561727576,
40,25579,,0.00010551179730100557,
40,25589,,0.00010926624236162752,
40,25599,,0.00010635657235980034,
40,25609,,0.0001061061630025506,
40,25619,,0.00010658063547452912,
40,25624,,,0.00010779049625853077
40,25624,0.00010826377547346056,,
41,25629,,0.00010600482346490026,
41,25639,,0.00011364057718310505,
41,25649,,0.00010946044494630769,
41,25659,,0.00011983542935922742,
41,25669,,0.00011543985601747409,
41,25679,,0.00011453348997747526,
41,25689,,0.00010504623060114682,
41,25699,,0.0001067490957211703,
41,25709,,0.00010733108501881361,
41,25719,,0.0001114113547373563,
41,25729,,0.00010738243872765452,
41,25739,,0.00010339666187064722,
41,25749,,0.00010405500506749377,
41,25759,,0.00011041309335269034,
41,25769,,0.00010758929420262575,
41,25779,,0.00010710825881687924,
41,25789,,0.00010540185030549765,
41,25799,,0.00010603930422803387,
41,25809,,0.00010535546607570723,
41,25819,,0.00010501546057639644,
41,25829,,0.00010550391743890941,
41,25839,,0.000101837984402664,
41,25849,,0.0001052732186508365,
41,25859,,0.0001084478572010994,
41,25869,,0.00010506718535907567,
41,25879,,0.00010590661986498162,
41,25889,,0.00010653302888385952,
41,25899,,0.00010790922533487901,
41,25909,,0.00010359440057072788,
41,25919,,0.00010482674406375736,
41,25929,,0.0001054740569088608,
41,25939,,0.00010770209337351844,
41,25949,,0.0001114384867832996,
41,25959,,0.00010862480849027634,
41,25969,,0.00010815561836352572,
41,25979,,0.00010488842963241041,
41,25989,,0.00010599747474770993,
41,25999,,0.00010242346615996212,
41,26009,,0.000108768988866359,
41,26019,,0.00010889052646234632,
41,26029,,0.00011018855002475902,
41,26039,,0.00010586962889647111,
41,26049,,0.00010613522317726165,
41,26059,,0.00010776283306768164,
41,26069,,0.00010460271732881665,
41,26079,,0.00011111077037639916,
41,26089,,0.0001082313247025013,
41,26099,,0.00010800038580782712,
41,26109,,0.00011136828106828034,
41,26119,,0.00010818446025950834,
41,26129,,0.000111262736027129,
41,26139,,0.0001091417798306793,
41,26149,,0.0001096404084819369,
41,26159,,0.00010556451888987795,
41,26169,,0.00010958586790366098,
41,26179,,0.00011446069402154535,
41,26189,,0.0001068313795258291,
41,26199,,0.00010874292638618499,
41,26209,,0.00010662647400749847,
41,26219,,0.00010709140042308718,
41,26229,,0.00011187564086867496,
41,26239,,0.00011193902173545212,
41,26249,,0.00010700552957132459,
41,26249,,,0.00010625470895320177
41,26249,0.00010767749336082488,,
42,26259,,0.00010829001985257491,
42,26269,,0.00010870283585973084,
42,26279,,0.00011055061622755602,
42,26289,,0.00010655571531970054,
42,26299,,0.00011089693725807592,
42,26309,,0.00011307239765301347,
42,26319,,0.00011005842679878697,
42,26329,,0.00010574027692200616,
42,26339,,0.00010452619608258829,
42,26349,,0.00010485267557669431,
42,26359,,0.00010790349915623665,
42,26369,,0.00010542073141550645,
42,26379,,0.00010413165728095919,
42,26389,,0.00010917817417066544,
42,26399,,0.00010205905709881335,
42,26409,,0.00010770564404083416,
42,26419,,0.00011445585550973192,
42,26429,,0.00010958447091979906,
42,26439,,0.00011224294576095417,
42,26449,,0.00010872946586459875,
42,26459,,0.00010411388211650774,
42,26469,,0.00010394779383204877,
42,26479,,0.0001035207460517995,
42,26489,,0.00010438368917675689,
42,26499,,0.00010507744445931166,
42,26509,,0.00010743540769908577,
42,26519,,0.00010412883420940489,
42,26529,,0.00010496821050764993,
42,26539,,0.00010495262540644035,
42,26549,,0.00010704805754357949,
42,26559,,0.00010603645932860672,
42,26569,,0.0001050424762070179,
42,26579,,0.00010079665662487969,
42,26589,,0.00010599823872325942,
42,26599,,0.00011079264368163422,
42,26609,,0.00010683986329240724,
42,26619,,0.00010378855949966237,
42,26629,,0.00011097746028099209,
42,26639,,0.0001095742845791392,
42,26649,,0.00011147544137202203,
42,26659,,0.00010562679381109774,
42,26669,,0.0001052129446179606,
42,26679,,0.00010792424291139469,
42,26689,,0.00010878598550334573,
42,26699,,0.00010895210289163515,
42,26709,,0.00010692050273064524,
42,26719,,0.00011020671081496403,
42,26729,,0.00010874638246605173,
42,26739,,0.00011752512364182621,
42,26749,,0.00011028151493519545,
42,26759,,0.00010426274093333632,
42,26769,,0.00012239872012287378,
42,26779,,0.00011629662185441703,
42,26789,,0.00011441649257903919,
42,26799,,0.00011737422028090805,
42,26809,,0.00010505508544156328,
42,26819,,0.00010632653720676899,
42,26829,,0.00011142720904899761,
42,26839,,0.00010549806756898761,
42,26849,,0.00011308932880638167,
42,26859,,0.00010387714428361505,
42,26869,,0.00010581531387288123,
42,26874,,,0.00010868477693293244
42,26874,0.00010817809379659593,,
43,26879,,0.00010952562297461554,
43,26889,,0.00010491788998479024,
43,26899,,0.0001085677940864116,
43,26909,,0.00010622572153806686,
43,26919,,0.00010507355909794569,
43,26929,,0.0001068408164428547,
43,26939,,0.0001102625610656105,
43,26949,,0.00010583618131931871,
43,26959,,0.00010589811427053064,
43,26969,,0.00010487176768947393,
43,26979,,0.00010647132876329124,
43,26989,,0.00010591328464215621,
43,26999,,0.00010458721953909844,
43,27009,,0.00010801549069583416,
43,27019,,0.00010896465391851962,
43,27029,,0.00011361526412656531,
43,27039,,0.00010336137347621843,
43,27049,,0.00010405612556496635,
43,27059,,0.00010773456597235054,
43,27069,,0.00010534969624131918,
43,27079,,0.00010558588110143319,
43,27089,,0.0001077949273167178,
43,27099,,0.00010550214210525155,
43,27109,,0.00010865573858609423,
43,27119,,0.00010439433390274644,
43,27129,,0.00010648919851519167,
43,27139,,0.00010535265028011054,
43,27149,,0.00010477334581082687,
43,27159,,0.0001072978411684744,
43,27169,,0.00010353468678658828,
43,27179,,0.00010630352335283533,
43,27189,,0.0001070227735908702,
43,27199,,0.00011024551349692047,
43,27209,,0.00011111721687484533,
43,27219,,0.00010685556480893865,
43,27229,,0.00010712970833992586,
43,27239,,0.00010709385969676077,
43,27249,,0.00010783756442833692,
43,27259,,0.00011067098967032507,
43,27269,,0.00010706079774536192,
43,27279,,0.0001049500351655297,
43,27289,,0.00010391828254796565,
43,27299,,0.00010292740626027808,
43,27309,,0.00010464595834491774,
43,27319,,0.00010479349293746054,
43,27329,,0.00010486166866030544,
43,27339,,0.00010497934272279963,
43,27349,,0.00010379099694546312,
43,27359,,0.00010644434223650023,
43,27369,,0.00010550954903010279,
43,27379,,0.00010568826837697998,
43,27389,,0.00010451900743646547,
43,27399,,0.00010370442760176957,
43,27409,,0.0001044553573592566,
43,27419,,0.00010730003123171628,
43,27429,,0.00010785013728309423,
43,27439,,0.0001027658800012432,
43,27449,,0.00010644818394212052,
43,27459,,0.0001078548448276706,
43,27469,,0.00011104303121101111,
43,27479,,0.00011035647912649438,
43,27489,,0.00010434928117319942,
43,27499,,0.0001071868755389005,
43,27499,,,0.00010926672257483006
43,27499,0.00010649284376995638,,
44,27509,,0.00010571876919129863,
44,27519,,0.000105439787148498,
44,27529,,0.00010676481178961694,
44,27539,,0.00010685168672353029,
44,27549,,0.000110861066787038,
44,27559,,0.00010678227408789098,
44,27569,,0.00010760714212665334,
44,27579,,0.0001049526545102708,
44,27589,,0.00011132293002447113,
44,27599,,0.0001061333023244515,
44,27609,,0.00010484412632649764,
44,27619,,0.00010354087862651795,
44,27629,,0.00010554046457400545,
44,27639,,0.00010904966620728374,
44,27649,,0.0001083070965250954,
44,27659,,0.00010396488505648449,
44,27669,,0.00010703055886551738,
44,27679,,0.00010439177276566625,
44,27689,,0.00010721966100391,
44,27699,,0.00011206298222532496,
44,27709,,0.00010500784264877439,
44,27719,,0.00010750001820269972,
44,27729,,0.00010386206849943846,
44,27739,,0.00010628112067934126,
44,27749,,0.00010958289203699678,
44,27759,,0.00010471167479408905,
44,27769,,0.00010362257307861,
44,27779,,0.0001041007271851413,
44,27789,,0.00010416114673716947,
44,27799,,0.00010667693277355283,
44,27809,,0.00010689573537092656,
44,27819,,0.00010582371760392562,
44,27829,,0.00010680500417947769,
44,27839,,0.00010375279816798866,
44,27849,,0.00010799284791573882,
44,27859,,0.00010763695172499865,
44,27869,,0.00010354556434322149,
44,27879,,0.00010868981189560145,
44,27889,,0.00010661139094736427,
44,27899,,0.00010599144297884777,
44,27909,,0.00010525516699999571,
44,27919,,0.00010635508806444705,
44,27929,,0.000102066776889842,
44,27939,,0.00010643625137163326,
44,27949,,0.00010422367631690577,
44,27959,,0.00010538496280787513,
44,27969,,0.00010722474689828232,
44,27979,,0.00011084712605224922,
44,27989,,0.00011472622281871736,
44,27999,,0.00011432150495238602,
44,28009,,0.00010779352305689827,
44,28019,,0.00010472643771208823,
44,28029,,0.00010573896724963561,
44,28039,,0.00011094768706243485,
44,28049,,0.00010185063729295507,
44,28059,,0.00010818596638273448,
44,28069,,0.0001112996760639362,
44,28079,,0.00010987846326315776,
44,28089,,0.00010848424426512793,
44,28099,,0.00010633492638589814,
44,28109,,0.0001036387839121744,
44,28119,,0.00010274475062033162,
44,28124,,,0.00010655869118636474
44,28124,0.00010712697257986292,,
45,28129,,0.00010370277595939115,
45,28139,,0.0001054000313160941,
45,28149,,0.00010985670814989135,
45,28159,,0.00010891656711464748,
45,28169,,0.00010935029422398657,
45,28179,,0.00010339168511563912,
45,28189,,0.00010438998288009316,
45,28199,,0.00010301910515408963,
45,28209,,0.00010496626055100933,
45,28219,,0.00011045926657970995,
45,28229,,0.0001099711807910353,
45,28239,,0.00010651849879650399,
45,28249,,0.0001063522431650199,
45,28259,,0.00011088914470747113,
45,28269,,0.00010587769793346524,
45,28279,,0.00010740927973529324,
45,28289,,0.00010742222366388887,
45,28299,,0.0001040278875734657,
45,28309,,0.00010973180906148627,
45,28319,,0.00010792986722663045,
45,28329,,0.00010514292807783931,
45,28339,,0.00010406486399006099,
45,28349,,0.00011132274812553078,
45,28359,,0.000105252955108881,
45,28369,,0.00010425915388623253,
45,28379,,0.00011449445446487516,
45,28389,,0.00010937814658973366,
45,28399,,0.000103544291050639,
45,28409,,0.00010183605627389625,
45,28419,,0.00010687890608096495,
45,28429,,0.00010376039426773787,
45,28439,,0.00010497288894839585,
45,28449,,0.00010467043466633186,
45,28459,,0.00010817070869961753,
45,28469,,0.00010415392171125859,
45,28479,,0.00010615143401082605,
45,28489,,0.00010748978820629418,
45,28499,,0.00011293186253169551,
45,28509,,0.00010984971595462412,
45,28519,,0.00011514314246596768,
45,28529,,0.0001118515501730144,
45,28539,,0.00010385951463831589,
45,28549,,0.00010606960859149694,
45,28559,,0.00010776515409816056,
45,28569,,0.00010754090908449143,
45,28579,,0.00010780921002151445,
45,28589,,0.00011115000233985484,
45,28599,,0.00010927083349088207,
45,28609,,0.00010245544399367645,
45,28619,,0.00010551275772741064,
45,28629,,0.00010768744687084109,
45,28639,,0.00010658612154657021,
45,28649,,0.00010650581680238247,
45,28659,,0.00010648875468177721,
45,28669,,0.00010547127021709457,
45,28679,,0.0001052467996487394,
45,28689,,0.00010346060298616067,
45,28699,,0.00010667186143109575,
45,28709,,0.00010908915282925591,
45,28719,,0.00010745313920779154,
45,28729,,0.00010562253737589344,
45,28739,,0.00010653462231857702,
45,28749,,0.00010521685180719942,
45,28749,,,0.00010726003529271111
45,28749,0.00010694817319745198,,
46,28759,,0.00011298362369416282,
46,28769,,0.00011014293704647571,
46,28779,,0.00010763244790723547,
46,28789,,0.0001058204798027873,
46,28799,,0.00010421798651805148,
46,28809,,0.0001099208602681756,
46,28819,,0.00010632275370880961,
46,28829,,0.00010320170258637518,
46,28839,,0.00010324025788577273,
46,28849,,0.0001013880901155062,
46,28859,,0.0001043977536028251,
46,28869,,0.00010303442104486749,
46,28879,,0.00010536624904489145,
46,28889,,0.00010693404328776523,
46,28899,,0.00010682521678972989,
46,28909,,0.00010467755782883614,
46,28919,,0.00010464416118338704,
46,28929,,0.00010568608558969572,
46,28939,,0.0001060718932421878,
46,28949,,0.00010829475650098175,
46,28959,,0.00010461523197591305,
46,28969,,0.00010551881132414564,
46,28979,,0.00010507216939004138,
46,28989,,0.00010390100214863196,
46,28999,,0.00010854292486328632,
46,29009,,0.00010333505633752793,
46,29019,,0.00011147919576615095,
46,29029,,0.0001089650031644851,
46,29039,,0.00010462841601110995,
46,29049,,0.00010906044190051034,
46,29059,,0.00010937818296952173,
46,29069,,0.00010792857210617512,
46,29079,,0.00010671049676602706,
46,29089,,0.00010220167314400896,
46,29099,,0.00010907080286415294,
46,29109,,0.00010840126196853817,
46,29119,,0.00010574092448223382,
46,29129,,0.0001022018477669917,
46,29139,,0.0001039269263856113,
46,29149,,0.00010362063767388463,
46,29159,,0.00011372157314326614,
46,29169,,0.00010568957077339292,
46,29179,,0.00010689573537092656,
46,29189,,0.00010604224371491,
46,29199,,0.00010687999747460708,
46,29209,,0.00010856793232960626,
46,29219,,0.00010954486060654745,
46,29229,,0.00010712603398133069,
46,29239,,0.00010384877532487735,
46,29249,,0.00010775514238048345,
46,29259,,0.0001074746178346686,
46,29269,,0.00010570490849204361,
46,29279,,0.0001063800445990637,
46,29289,,0.00011311013076920062,
46,29299,,0.00011004862608388066,
46,29309,,0.000110490174847655,
46,29319,,0.00010392547119408846,
46,29329,,0.00010826716606970876,
46,29339,,0.00010703739826567471,
46,29349,,0.00010273512452840805,
46,29359,,0.00010466985258972272,
46,29369,,0.00010220531112281606,
46,29374,,,0.00010678579565137625
46,29374,0.00010668962204363197,,
47,29379,,0.00010855575965251774,
47,29389,,0.000105327031633351,
47,29399,,0.00010873969586100429,
47,29409,,0.00010511126311030239,
47,29419,,0.00010862997442018241,
47,29429,,0.00010926277172984555,
47,29439,,0.00010699305130401626,
47,29449,,0.00010493068111827597,
47,29459,,0.00010533607564866543,
47,29469,,0.0001044455639203079,
47,29479,,0.00010590309102553874,
47,29489,,0.0001118461659643799,
47,29499,,0.00010390751413069665,
47,29509,,0.00010362921602791175,
47,29519,,0.00010955377365462482,
47,29529,,0.00010610285971779376,
47,29539,,0.00010459688201081008,
47,29549,,0.00010555173503234982,
47,29559,,0.00011025935964426026,
47,29569,,0.00010862499038921669,
47,29579,,0.00010396954894531518,
47,29589,,0.00010291738726664335,
47,29599,,0.00010283608571626246,
47,29609,,0.00010488874977454543,
47,29619,,0.00010149011359317228,
47,29629,,0.00010633677447913215,
47,29639,,0.000111509689304512,
47,29649,,0.00010611600737320259,
47,29659,,0.00010538221249589697,
47,29669,,0.00010409978858660907,
47,29679,,0.00010747647320386022,
47,29689,,0.0001063100789906457,
47,29699,,0.00010477047180756927,
47,29709,,0.00011362657824065536,
47,29719,,0.0001089636716642417,
47,29729,,0.00010829091479536146,
47,29739,,0.00010511123400647193,
47,29749,,0.00010213937639491633,
47,29759,,0.00010707729234127328,
47,29769,,0.000105982122477144,
47,29779,,0.00010833985288627446,
47,29789,,0.0001068954516085796,
47,29799,,0.00010816071880981326,
47,29809,,0.00010678670514607802,
47,29819,,0.00010620293323881924,
47,29829,,0.00010828336235135794,
47,29839,,0.00010685920278774574,
47,29849,,0.00010626805305946618,
47,29859,,0.00010611640755087137,
47,29869,,0.00010834332351805642,
47,29879,,0.00010194772039540112,
47,29889,,0.0001072125814971514,
47,29899,,0.00010878098692046478,
47,29909,,0.00010823838238138705,
47,29919,,0.00010479583579581231,
47,29929,,0.00010648529132595286,
47,29939,,0.00010622767877066508,
47,29949,,0.00010908943659160286,
47,29959,,0.00010430387919768691,
47,29969,,0.00010422472405480221,
47,29979,,0.00010376109275966883,
47,29989,,0.00010748940258054063,
47,29999,,0.00010553220636211336,
47,29999,,,0.00010521557123865932
47,29999,0.000107248590211384,,
48,30009,,0.00010642882261890918,
48,30019,,0.0001028620099532418,
48,30029,,0.00010428840323584154,
48,30039,,0.00010100259532919154,
48,30049,,0.00010333526734029874,
48,30059,,0.00010535744513617828,
48,30069,,0.00010822746116900817,
48,30079,,0.00010431392001919448,
48,30089,,0.00010691136412788182,
48,30099,,0.00010785300401039422,
48,30109,,0.00010510381980566308,
48,30119,,0.00010634948557708412,
48,30129,,0.00010631523036863655,
48,30139,,0.00010591423779260367,
48,30149,,0.00010632244811858982,
48,30159,,0.00010703963198466226,
48,30169,,0.00010794638365041465,
48,30179,,0.00011213616380700842,
48,30189,,0.00010502511577215046,
48,30199,,0.00010595188359729946,
48,30209,,0.00010303609451511875,
48,30219,,0.00010483463847776875,
48,30229,,0.00010363569163018838,
48,30239,,0.00010647971066646278,
48,30249,,0.00010710574861150235,
48,30259,,0.00010850035323528573,
48,30269,,0.0001077608612831682,
48,30279,,0.00010864009527722374,
48,30289,,0.000105641083791852,
48,30299,,0.00010699007543735206,
48,30309,,0.00010786401253426448,
48,30319,,0.00010553296306170523,
48,30329,,0.0001082776507246308,
48,30339,,0.00010524770914344117,
48,30349,,0.00010685967572499067,
48,30359,,0.00010301061411155388,
48,30369,,0.0001077574270311743,
48,30379,,0.00010511795699130744,
48,30389,,0.00010710550122894347,
48,30399,,0.0001059044516296126,
48,30409,,0.00010236600792268291,
48,30419,,0.0001038100672303699,
48,30429,,0.00011263609485467896,
48,30439,,0.0001082483067875728,
48,30449,,0.00010865270451176912,
48,30459,,0.00010939074854832143,
48,30469,,0.0001081485825125128,
48,30479,,0.00010403125634184107,
48,30489,,0.00010460857447469607,
48,30499,,0.00010481249046279117,
48,30509,,0.00011035540956072509,
48,30519,,0.0001088297285605222,
48,30529,,0.00010533832391956821,
48,30539,,0.00010697300604078919,
48,30549,,0.00010514470341149718,
48,30559,,0.0001054604581440799,
48,30569,,0.00010438824392622337,
48,30579,,0.00010668596951290965,
48,30589,,0.00010457590542500839,
48,30599,,0.00010524987010285258,
48,30609,,0.00010452999413246289,
48,30619,,0.00010703950829338282,
48,30624,,,0.00010624160495353863
48,30624,0.00010668810864444822,,
49,30629,,0.0001041630093823187,
49,30639,,0.00010594363266136497,
49,30649,,0.00010986200504703447,
49,30659,,0.00010808723163791001,
49,30669,,0.00010895345621975139,
49,30679,,0.00010709912749007344,
49,30689,,0.00010732911323430017,
49,30699,,0.00011029314191546291,
49,30709,,0.0001027289908961393,
49,30719,,0.00010674235090846196,
49,30729,,0.00010549867147346959,
49,30739,,0.000104180806374643,
49,30749,,0.00010344343900214881,
49,30759,,0.00011005266424035653,
49,30769,,0.00010546940757194534,
49,30779,,0.00010742594167822972,
49,30789,,0.00010486465907888487,
49,30799,,0.00010736133845057338,
49,30809,,0.00010611369361868128,
49,30819,,0.00010160110105061904,
49,30829,,0.00010441639460623264,
49,30839,,0.00010515147732803598,
49,30849,,0.00010382487380411476,
49,30859,,0.00010364848276367411,
49,30869,,0.00010186446888837963,
49,30879,,0.00010382819891674444,
49,30889,,0.00010220269905403256,
49,30899,,0.00010515485337236896,
49,30909,,0.00010644384019542485,
49,30919,,0.00010444948566146195,
49,30929,,0.00010451577691128477,
49,30939,,0.00010796464630402625,
49,30949,,0.00011722037743311375,
49,30959,,0.0001182060586870648,
49,30969,,0.00010911201388807967,
49,30979,,0.00010717710392782465,
49,30989,,0.00010599171946523711,
49,30999,,0.00010471779387444258,
49,31009,,0.00010619402746669948,
49,31019,,0.00010938425111817196,
49,31029,,0.00010205269063590094,
49,31039,,0.00010693217336665839,
49,31049,,0.00010757168638519943,
49,31059,,0.0001027886028168723,
49,31069,,0.00010491399734746665,
49,31079,,0.00010429487156216055,
49,31089,,0.00010614871280267835,
49,31099,,0.00010740328434621915,
49,31109,,0.00010305015894118696,
49,31119,,0.00010593914339551702,
49,31129,,0.00010314777318853885,
49,31139,,0.00010588848817860708,
49,31149,,0.00010543816460995004,
49,31159,,0.00010499815107323229,
49,31169,,0.00011051431647501886,
49,31179,,0.00010387792281107977,
49,31189,,0.00010529642895562574,
49,31199,,0.00010288578778272495,
49,31209,,0.0001049958955263719,
49,31219,,0.00010249282786389813,
49,31229,,0.00010327644849894568,
49,31239,,0.00011061887198593467,
49,31249,,0.00010974350880132988,
49,31249,,,0.00011455702770035714
49,31249,0.00010636282968334854,,
50,31259,,0.000109917986264918,
50,31269,,0.00010662934073479846,
50,31279,,0.00010969718277920038,
50,31289,,0.00011165352771058679,
50,31299,,0.0001060574286384508,
50,31309,,0.00010395819117547944,
50,31319,,0.00010683656728360802,
50,31329,,0.00010450835543451831,
50,31339,,0.00010631686745909974,
50,31349,,0.00010304280294803903,
50,31359,,0.00010874279541894794,
50,31369,,0.00010251132334815338,
50,31379,,0.00010220437980024144,
50,31389,,0.00010560915688984096,
50,31399,,0.00010486972314538434,
50,31409,,0.0001063404415617697,
50,31419,,0.0001068163983291015,
50,31429,,0.00010724947060225531,
50,31439,,0.00010698757250793278,
50,31449,,0.00010604853014228866,
50,31459,,0.00011124644515803084,
50,31469,,0.00010605317947920412,
50,31479,,0.00010579478839645162,
50,31489,,0.00010429244139231741,
50,31499,,0.00010491937428014353,
50,31509,,0.00010354361438658088,
50,31519,,0.00010445048246765509,
50,31529,,0.00010781615128507838,
50,31539,,0.00010704151645768434,
50,31549,,0.00010959898645523936,
50,31559,,0.0001041678769979626,
50,31569,,0.00010534550528973341,
50,31579,,0.00010684903827495873,
50,31589,,0.00010880884656216949,
50,31599,,0.00011211753007955849,
50,31609,,0.0001045757599058561,
50,31619,,0.00010618718806654215,
50,31629,,0.00010477422620169818,
50,31639,,0.00010336913692299277,
50,31649,,0.0001081710506696254,
50,31659,,0.00010480661876499653,
50,31669,,0.00010544842371018603,
50,31679,,0.00010609442688291892,
50,31689,,0.00010417679732199758,
50,31699,,0.00010438305616844445,
50,31709,,0.00010591325553832576,
50,31719,,0.0001042594522004947,
50,31729,,0.00010507324623176828,
50,31739,,0.00010609145101625472,
50,31749,,0.0001049889178830199,
50,31759,,0.00010766090417746454,
50,31769,,0.0001053553496603854,
50,31779,,0.00010382435721112415,
50,31789,,0.00010346845374442637,
50,31799,,0.00010477195610292256,
50,31809,,0.00010339638538425788,
50,31819,,0.00010659245890565217,
50,31829,,0.00010610761091811582,
50,31839,,0.00010269399354001507,
50,31849,,0.00010432320414111018,
50,31859,,0.00010791824024636298,
50,31869,,0.00010303411545464769,
50,31874,,,0.00010684716835385188
50,31874,0.00010597500659059733,,
51,31879,,0.00011286133667454123,
51,31889,,0.00010540144285187125,
51,31899,,0.00011178108252352104,
51,31909,,0.00011048547457903624,
51,31919,,0.00010784305050037801,
51,31929,,0.00010879031469812617,
51,31939,,0.00010840673348866403,
51,31949,,0.00010540335642872378,
51,31959,,0.0001084949035430327,
51,31969,,0.00010886244126595557,
51,31979,,0.0001103673639590852,
51,31989,,0.00011098698450950906,
51,31999,,0.00010442953498568386,
51,32009,,0.00010812989057740197,
51,32019,,0.00011043609265470877,
51,32029,,0.00010205183207290247,
51,32039,,0.00010622462286846712,
51,32049,,0.00010253761138301343,
51,32059,,0.00010633810597937554,
51,32069,,0.00010382560867583379,
51,32079,,0.00010433176794322208,
51,32089,,0.00010658714745659381,
51,32099,,0.00011095174704678357,
51,32109,,0.00010381331230746582,
51,32119,,0.00010669360926840454,
51,32129,,0.00010150621528737247,
51,32139,,0.00011045599239878356,
51,32149,,0.0001079475914593786,
51,32159,,0.00011281350452918559,
51,32169,,0.00010434989962959662,
51,32179,,0.0001060173090081662,
51,32189,,0.00010604179260553792,
51,32199,,0.00010455743176862597,
51,32209,,0.00010218034731224179,
51,32219,,0.00010354637197451666,
51,32229,,0.00010734626994235441,
51,32239,,0.00010291216312907636,
51,32249,,0.00010204606223851442,
51,32259,,0.00010292332444805652,
51,32269,,0.0001060484501067549,
51,32279,,0.00010036444291472435,
51,32289,,0.00010274256055708975,
51,32299,,0.00010435724834678695,
51,32309,,0.00010456162272021174,
51,32319,,0.00010609495075186715,
51,32329,,0.00010342046152800322,
51,32339,,0.00010409681271994486,
51,32349,,0.00011212108074687421,
51,32359,,0.00010646164446370676,
51,32369,,0.00010740180005086586,
51,32379,,0.00010854539868887514,
51,32389,,0.000105376384453848,
51,32399,,0.00010921304055955261,
51,32409,,0.00010758235293906182,
51,32419,,0.00010646374721545726,
51,32429,,0.00010433647548779845,
51,32439,,0.00010468939581187442,
51,32449,,0.00010437923629069701,
51,32459,,0.00010501150245545432,
51,32469,,0.00010981575178448111,
51,32479,,0.00010672068310668692,
51,32489,,0.0001109975200961344,
51,32499,,0.00010534808825468644,
51,32499,,,0.0001047380719683133
51,32499,0.0001065999167622067,,
52,32509,,0.00010379224113421515,
52,32519,,0.00010761346493382007,
52,32529,,0.00010812922118930146,
52,32539,,0.00010249472688883543,
52,32549,,0.00010379744344390929,
52,32559,,0.00010951491276500747,
52,32569,,0.00010719100100686774,
52,32579,,0.00010617177758831531,
52,32589,,0.00010934033343801275,
52,32599,,0.0001047248879331164,
52,32609,,0.00010918167390627787,
52,32619,,0.00010591686441330239,
52,32629,,0.00010366253991378471,
52,32639,,0.0001086026313714683,
52,32649,,0.000102222416899167,
52,32659,,0.00010879400360863656,
52,32669,,0.00010751082299975678,
52,32679,,0.00010639022366376594,
52,32689,,0.0001088299832190387,
52,32699,,0.00010746331099653617,
52,32709,,0.00010388841474195942,
52,32719,,0.00010633144120220095,
52,32729,,0.00010474456212250516,
52,32739,,0.00011025183630408719,
52,32749,,0.00010475037561263889,
52,32759,,0.00010390638635726646,
52,32769,,0.0001044269884005189,
52,32779,,0.00010414329881314188,
52,32789,,0.00010454883158672601,
52,32799,,0.0001077282358892262,
52,32809,,0.00010341456800233573,
52,32819,,0.00010334317630622536,
52,32829,,0.00010407203080831096,
52,32839,,0.00010346993076382205,
52,32849,,0.00010795289563247934,
52,32859,,0.0001045511380652897,
52,32869,,0.00010579481022432446,
52,32879,,0.00010487875988474116,
52,32889,,0.0001078959830920212,
52,32899,,0.00010363946057623252,
52,32909,,0.00010565941192908213,
52,32919,,0.00011135006207041442,
52,32929,,0.00011013029870809987,
52,32939,,0.00010279590060235932,
52,32949,,0.0001062262017512694,
52,32959,,0.0001068386627594009,
52,32969,,0.00010344186739530414,
52,32979,,0.0001040324495988898,
52,32989,,0.00010506445687497035,
52,32999,,0.00010323791502742097,
52,33009,,0.00010543836106080562,
52,33019,,0.00010696367098717019,
52,33029,,0.00010335837578168139,
52,33039,,0.0001032277723425068,
52,33049,,0.00010933402518276125,
52,33059,,0.00011361465294612572,
52,33069,,0.00010654700599843636,
52,33079,,0.00010312383528798819,
52,33089,,0.00010706161992857233,
52,33099,,0.00010253385698888451,
52,33109,,0.00010539781942497939,
52,33119,,0.00010859999019885436,
52,33124,,,0.00010612486948957667
52,33124,0.00010590124293230474,,
53,33129,,0.00010685453162295744,
53,33139,,0.00010528945131227374,
53,33149,,0.00010459090117365122,
53,33159,,0.00010957947961287573,
53,33169,,0.00010356952407164499,
53,33179,,0.00010463576472830027,
53,33189,,0.00010514541645534337,
53,33199,,0.00010489572741789743,
53,33209,,0.00010633430065354332,
53,33219,,0.00010418800957268104,
53,33229,,0.00011011185415554792,
53,33239,,0.000107910243968945,
53,33249,,0.0001068319397745654,
53,33259,,0.00010833614942384884,
53,33269,,0.00010975950135616586,
53,33279,,0.00010859112080652267,
53,33289,,0.00010717604163801298,
53,33299,,0.00010319078137399629,
53,33309,,0.0001073725798050873,
53,33319,,0.00010296652908436954,
53,33329,,0.00010303113231202587,
53,33339,,0.00010429296526126564,
53,33349,,0.00010885646042879671,
53,33359,,0.00010675936209736392,
53,33369,,0.00010726790787884966,
53,33379,,0.00010519859642954543,
53,33389,,0.00010159765952266753,
53,33399,,0.00010211749759037048,
53,33409,,0.0001068098281393759,
53,33419,,0.00010203442798228934,
53,33429,,0.00010587686847429723,
53,33439,,0.0001058880880009383,
53,33449,,0.00010397297592135146,
53,33459,,0.00010444723739055917,
53,33469,,0.00010517405462451279,
53,33479,,0.00010467443644301966,
53,33489,,0.00010705585009418428,
53,33499,,0.00010397228470537812,
53,33509,,0.00010539621143834665,
53,33519,,0.00010595172352623194,
53,33529,,0.00010815819405252114,
53,33539,,0.00010879411274800077,
53,33549,,0.00010662763088475913,
53,33559,,0.00010719917918322608,
53,33569,,0.00010543406824581325,
53,33579,,0.00010606371506582946,
53,33589,,0.00010472386929905042,
53,33599,,0.0001045906319632195,
53,33609,,0.00010660127736628056,
53,33619,,0.00010620333341648802,
53,33629,,0.00010229578765574843,
53,33639,,0.00010519334318814799,
53,33649,,0.00010398236190667376,
53,33659,,0.00010435556760057807,
53,33669,,0.00010290675709256902,
53,33679,,0.00010330998338758945,
53,33689,,0.00010220817057415843,
53,33699,,0.00010989055590471253,
53,33709,,0.0001070695579983294,
53,33719,,0.00010778693103929982,
53,33729,,0.00010778669093269855,
53,33739,,0.00010857165034394711,
53,33749,,0.00010692238720366731,
53,33749,,,0.00010903741349466145
53,33749,0.00010624567221384495,,
54,33759,,0.00010702567669795826,
54,33769,,0.00010529179417062551,
54,33779,,0.0001040790302795358,
54,33789,,0.00010387587826699018,
54,33799,,0.00010245883458992466,
54,33809,,0.00010525681136641651,
54,33819,,0.00010445258521940559,
54,33829,,0.00010431257396703586,
54,33839,,0.00010454860603203997,
54,33849,,0.0001058072957675904,
54,33859,,0.00010275973909301683,
54,33869,,0.00010631770419422537,
54,33879,,0.00010727469634730369,
54,33889,,0.00010696705430746078,
54,33899,,0.00010388723603682593,
54,33909,,0.00010518084309296682,
54,33919,,0.00010421206388855353,
54,33929,,0.00010531648149481043,
54,33939,,0.0001074887695722282,
54,33949,,0.0001123510955949314,
54,33959,,0.00010819733142852783,
54,33969,,0.000102363177575171,
54,33979,,0.00010386062058387324,
54,33989,,0.00010432820272399113,
54,33999,,0.00010647524322848767,
54,34009,,0.00010427449888084084,
54,34019,,0.00010218490933766589,
54,34029,,0.00010402304906165227,
54,34039,,0.00010649908654158935,
54,34049,,0.00010642819688655436,
54,34059,,0.00010318044951418415,
54,34069,,0.0001090158912120387,
54,34079,,0.0001042707881424576,
54,34089,,0.00010799426672747359,
54,34099,,0.0001057244444382377,
54,34109,,0.00010536050103837624,
54,34119,,0.00010278746776748449,
54,34129,,0.00010745174222392961,
54,34139,,0.00010576987551758066,
54,34149,,0.00010764488979475573,
54,34159,,0.00010503185330890119,
54,34169,,0.0001053991072694771,
54,34179,,0.00010938692867057398,
54,34189,,0.00010959153587464243,
54,34199,,0.00011279460886726156,
54,34209,,0.0001061636139638722,
54,34219,,0.00010475974704604596,
54,34229,,0.00010395007120678201,
54,34239,,0.00010643836139934137,
54,34249,,0.0001056542678270489,
54,34259,,0.00010447722161188722,
54,34269,,0.00010593311162665486,
54,34279,,0.00010390263196313754,
54,34289,,0.00010383061453467235,
54,34299,,0.0001046991310431622,
54,34309,,0.00010613779886625707,
54,34319,,0.00010813656990649179,
54,34329,,0.00010934570309473202,
54,34339,,0.0001050212886184454,
54,34349,,0.00010373690020060167,
54,34359,,0.00010455766459926963,
54,34369,,0.00010520698560867459,
54,34374,,,0.00010738812852650881
54,34374,0.00010587571887299418,,
55,34379,,0.0001055481334333308,
55,34389,,0.00010689534974517301,
55,34399,,0.0001024771190714091,
55,34409,,0.00010751804074971005,
55,34419,,0.00011003545660059899,
55,34429,,0.00010645692236721516,
55,34439,,0.00010640342952683568,
55,34449,,0.00011265414650551975,
55,34459,,0.00010440453479532152,
55,34469,,0.0001043244992615655,
55,34479,,0.00010249545448459685,
55,34489,,0.00010289277270203456,
55,34499,,0.00010742883750936016,
55,34509,,0.00010767645289888605,
55,34519,,0.00010604556155158207,
55,34529,,0.00011025526328012347,
55,34539,,0.00010921083594439551,
55,34549,,0.00010633055353537202,
55,34559,,0.00010785000631585717,
55,34569,,0.00010449295223224908,
55,34579,,0.00010120563820237294,
55,34589,,0.00010552418825682253,
55,34599,,0.00010845343058463186,
55,34609,,0.00010555423068581149,
55,34619,,0.00010494843445485458,
55,34629,,0.00010368655784986913,
55,34639,,0.00010829533857759088,
55,34649,,0.00010696077515603974,
55,34659,,0.00010214283247478306,
55,34669,,0.00010916303290287033,
55,34679,,0.00010360955639043823,
55,34689,,0.00010440081678098068,
55,34699,,0.00010685686720535159,
55,34709,,0.00010725445463322103,
55,34719,,0.00010642813140293583,
55,34729,,0.0001062158917193301,
55,34739,,0.00010551064042374492,
55,34749,,0.00010196787479799241,
55,34759,,0.00010549637954682112,
55,34769,,0.00010511992149986327,
55,34779,,0.00011121440911665559,
55,34789,,0.00010922645014943555,
55,34799,,0.00010795946582220495,
55,34809,,0.00010826816287590191,
55,34819,,0.00010710092465160415,
55,34829,,0.0001035110981320031,
55,34839,,0.00010375145211583003,
55,34849,,0.0001033132866723463,
55,34859,,0.00010439976176712662,
55,34869,,0.00010428755194880068,
55,34879,,0.00010616572399158031,
55,34889,,0.00010777437273645774,
55,34899,,0.00010364543413743377,
55,34909,,0.00010560883674770594,
55,34919,,0.00010543867392698303,
55,34929,,0.0001069049903890118,
55,34939,,0.00010354963160352781,
55,34949,,0.0001064194439095445,
55,34959,,0.00010608719458105043,
55,34969,,0.00010161597310798243,
55,34979,,0.00010239150287816301,
55,34989,,0.00010585698328213766,
55,34999,,0.00010557576752034947,
55,34999,,,0.00010483156802365556
55,34999,0.00010586925782263279,,
56,35009,,0.00010880164336413145,
56,35019,,0.00010592437320156023,
56,35029,,0.00010815064888447523,
56,35039,,0.00010207987361354753,
56,35049,,0.00010486765677342191,
56,35059,,0.00010399091843282804,
56,35069,,0.00010358030704082921,
56,35079,,0.000108450221887324,
56,35089,,0.0001040388087858446,
56,35099,,0.00010406535147922114,
56,35109,,0.00010669598850654438,
56,35119,,0.00010286540054949,
56,35129,,0.00010939096682704985,
56,35139,,0.0001052085863193497,
56,35149,,0.00010493246372789145,
56,35159,,0.00010703444422688335,
56,35169,,0.00010387586371507496,
56,35179,,0.00010389700764790177,
56,35189,,0.00010442460188642144,
56,35199,,0.00010965845285682008,
56,35209,,0.00010530043073231354,
56,35219,,0.0001113747275667265,
56,35229,,0.00010798530274769291,
56,35239,,0.0001073564199032262,
56,35249,,0.0001044679811457172,
56,35259,,0.0001029413178912364,
56,35269,,0.00010529010614845902,
56,35279,,0.00010666518210200593,
56,35289,,0.00010784322512336075,
56,35299,,0.00010628769086906686,
56,35309,,0.00010718686826294288,
56,35319,,0.00010430905967950821,
56,35329,,0.00010814581764861941,
56,35339,,0.00010456310701556504,
56,35349,,0.00010318386921426281,
56,35359,,0.00010427085362607613,
56,35369,,0.00010498848860152066,
56,35379,,0.00010506945545785129,
56,35389,,0.00010295933316228911,
56,35399,,0.00010485162056284025,
56,35409,,0.00010322441085008904,
56,35419,,0.00010367768118157983,
56,35429,,0.00010627657320583239,
56,35439,,0.00010528718121349812,
56,35449,,0.00010507312981644645,
56,35459,,0.00010687271424103528,
56,35469,,0.00010279748676111922,
56,35479,,0.00010910341370617971,
56,35489,,0.0001050774662871845,
56,35499,,0.00010564186231931672,
56,35509,,0.00010492908768355846,
56,35519,,0.00010314443352399394,
56,35529,,0.00010463144280947745,
56,35539,,0.00010564624244580045,
56,35549,,0.0001066813274519518,
56,35559,,0.00010550971637712792,
56,35569,,0.00010709359048632905,
56,35579,,0.00010171659960178658,
56,35589,,0.00010577120701782405,
56,35599,,0.00010571791790425777,
56,35609,,0.00010100676445290446,
56,35619,,0.00010372210817877203,
56,35624,,,0.00010477329487912357
56,35624,0.00010554184700595215,,
57,35629,,0.00010666326124919578,
57,35639,,0.00010597275831969455,
57,35649,,0.00010329519136575982,
57,35659,,0.00010422104969620705,
57,35669,,0.00010359104635426775,
57,35679,,0.00010643823043210432,
57,35689,,0.00010757514246506616,
57,35699,,0.00010568510333541781,
57,35709,,0.00010459266923135146,
57,35719,,0.00010465520608704537,
57,35729,,0.00010523577657295391,
57,35739,,0.00010205572471022606,
57,35749,,0.00010214537905994803,
57,35759,,0.00010561929957475513,
57,35769,,0.00010429935355205089,
57,35779,,0.00010204510908806697,
57,35789,,0.00010293929517501965,
57,35799,,0.00010376137652201578,
57,35809,,0.00010629407915985212,
57,35819,,0.00010820769239217043,
57,35829,,0.0001062075316440314,
57,35839,,0.00010692852083593607,
57,35849,,0.00010724493040470406,
57,35859,,0.00010419738100608811,
57,35869,,0.00010420714534120634,
57,35879,,0.00010668482718756422,
57,35889,,0.00010479108459549025,
57,35899,,0.00010257184476358816,
57,35909,,0.00010284324525855482,
57,35919,,0.00010515336907701567,
57,35929,,0.00010593291517579928,
57,35939,,0.00010723211744334549,
57,35949,,0.0001078265777323395,
57,35959,,0.0001076955086318776,
57,35969,,0.00010695956007111818,
57,35979,,0.00010385584027972072,
57,35989,,0.00010360502346884459,
57,35999,,0.00010654373909346759,
57,36009,,0.00010739295976236463,
57,36019,,0.00010543120151851326,
57,36029,,0.00010430750990053639,
57,36039,,0.00010482021025381982,
57,36049,,0.00010549552825978026,
57,36059,,0.00010684267908800393,
57,36069,,0.00010980956722050905,
57,36079,,0.00011023646948160604,
57,36089,,0.00010699583071982488,
57,36099,,0.00010478937474545091,
57,36109,,0.00010839287278940901,
57,36119,,0.0001081264708773233,
57,36129,,0.00010690539056668058,
57,36139,,0.00010711546201491728,
57,36149,,0.00010722256411099806,
57,36159,,0.00010367138020228595,
57,36169,,0.00010432863200549036,
57,36179,,0.00010572210157988593,
57,36189,,0.00010659405961632729,
57,36199,,0.00010635105718392879,
57,36209,,0.00010993648174917325,
57,36219,,0.00010865087097045034,
57,36229,,0.00010560604277998209,
57,36239,,0.00010661482519935817,
57,36249,,0.00010552873573033139,
57,36249,,,0.00010647923772921786
57,36249,0.00010556468623690307,,
58,36259,,0.00010290758655173704,
58,36269,,0.00010435876902192831,
58,36279,,0.00010475818271515891,
58,36289,,0.00010411820403533056,
58,36299,,0.00010672076314222068,
58,36309,,0.00010376414866186678,
58,36319,,0.00010357654537074268,
58,36329,,0.00010415327415103093,
58,36339,,0.00010502661461941898,
58,36349,,0.0001043094162014313,
58,36359,,0.00010431682312628254,
58,36369,,0.0001031610881909728,
58,36379,,0.00010375860438216478,
58,36389,,0.00010558423673501238,
58,36399,,0.00010736473632277921,
58,36409,,0.00010244132135994732,
58,36419,,0.00010644252324709669,
58,36429,,0.00010406265209894627,
58,36439,,0.00010419120371807367,
58,36449,,0.00010336225386708975,
58,36459,,0.0001036737667163834,
58,36469,,0.00010244444274576381,
58,36479,,0.00010212769120698795,
58,36489,,0.00010490208660485223,
58,36499,,0.00010284871677868068,
58,36509,,0.00010675056546460837,
58,36519,,0.00010800733434734866,
58,36529,,0.0001048916601575911,
58,36539,,0.00010227879829471931,
58,36549,,0.0001064221141859889,
58,36559,,0.00010456510790390894,
58,36569,,0.00010891775309573859,
58,36579,,0.00010722623119363561,
58,36589,,0.00010517096961848438,
58,36599,,0.00010542212112341076,
58,36609,,0.00010897347965510562,
58,36619,,0.00010711734648793936,
58,36629,,0.00010833657870534807,
58,36639,,0.0001053127707564272,
58,36649,,0.00010916365863522515,
58,36659,,0.00010295969696016982,
58,36669,,0.00010541761002968997,
58,36679,,0.0001075939362635836,
58,36689,,0.00010488304542377591,
58,36699,,0.00010553970059845597,
58,36709,,0.00010355746053392068,
58,36719,,0.00010535535693634301,
58,36729,,0.00010434673458803445,
58,36739,,0.00010757291602203622,
58,36749,,0.00011130425991723314,
58,36759,,0.00010576582280918956,
58,36769,,0.00010303753515472636,
58,36779,,0.00010597569780657068,
58,36789,,0.00010939057392533869,
58,36799,,0.00010312800441170111,
58,36809,,0.0001086256088456139,
58,36819,,0.00010942014341708273,
58,36829,,0.00010679972911020741,
58,36839,,0.0001013278670143336,
58,36849,,0.00010565658158157021,
58,36859,,0.0001044557720888406,
58,36869,,0.00010501137148821726,
58,36874,,,0.00010668954928405583
58,36874,0.0001056100009009242,,
59,36879,,0.00010259353439323604,
59,36889,,0.00010368380026193336,
59,36899,,0.00010397080768598244,
59,36909,,0.00010520598880248144,
59,36919,,0.0001039289782056585,
59,36929,,0.00010038604523288086,
59,36939,,0.0001063329036696814,
59,36949,,0.00011154959065606818,
59,36959,,0.00010711763025028631,
59,36969,,0.00010541401570662856,
59,36979,,0.00010432861017761752,
59,36989,,0.0001051679573720321,
59,36999,,0.00010348884097766131,
59,37009,,0.00010379884042777121,
59,37019,,0.00010362548346165568,
59,37029,,0.00010457028838573024,
59,37039,,0.00010702713916543871,
59,37049,,0.00010352578101446852,
59,37059,,0.00010690577619243413,
59,37069,,0.00010849859972950071,
59,37079,,0.00010757004201877862,
59,37089,,0.00010448585817357525,
59,37099,,0.00010504714009584859,
59,37109,,0.00010659848339855671,
59,37119,,0.00010521380318095908,
59,37129,,0.000107850122731179,
59,37139,,0.00010653649223968387,
59,37149,,0.00010664053843356669,
59,37159,,0.00010403629130451009,
59,37169,,0.00010653735807863995,
59,37179,,0.00010708974878070876,
59,37189,,0.0001062027586158365,
59,37199,,0.00011374839232303202,
59,37209,,0.00010760073200799525,
59,37219,,0.000108467967947945,
59,37229,,0.00010505272803129628,
59,37239,,0.00010370978998253122,
59,37249,,0.00010671679774532095,
59,37259,,0.00010541489609749988,
59,37269,,0.00010149955051019788,
59,37279,,0.00010742199810920283,
59,37289,,0.00010166384163312614,
59,37299,,0.00010369258234277368,
59,37309,,0.00010543567623244599,
59,37319,,0.00010527764970902354,
59,37329,,0.00010571534221526235,
59,37339,,0.00010951039439532906,
59,37349,,0.0001070152284228243,
59,37359,,0.00010431945702293888,
59,37369,,0.00010983816173393279,
59,37379,,0.00010848626698134467,
59,37389,,0.00010874234430957586,
59,37399,,0.00010990291775669903,
59,37409,,0.00010507147089811042,
59,37419,,0.00010861003829631954,
59,37429,,0.00010391778050689027,
59,37439,,0.00010916257451754063,
59,37449,,0.00010351646051276475,
59,37459,,0.00010575645137578249,
59,37469,,0.00010657682287273929,
59,37479,,0.00010258347174385563,
59,37489,,0.00010788448707899079,
59,37499,,0.00010471642599441111,
59,37499,,,0.00010365793423261493
59,37499,0.00010565407137619331,,
60,37509,,0.00010528695565881208,
60,37519,,0.00010560279042692855,
60,37529,,0.00010488523548701778,
60,37539,,0.00010467303218320012,
60,37549,,0.00010549666330916807,
60,37559,,0.00010903183283517137,
60,37569,,0.00010284074232913554,
60,37579,,0.00010667840979294851,
60,37589,,0.00010399325401522219,
60,37599,,0.00010610792378429323,
60,37609,,0.00010788701911224052,
60,37619,,0.00010526845289859921,
60,37629,,0.00010222441051155329,
60,37639,,0.00010564811964286491,
60,37649,,0.00010496216418687254,
60,37659,,0.00010274717351421714,
60,37669,,0.00010502697841729969,
60,37679,,0.00010182735422858968,
60,37689,,0.00010217125236522406,
60,37699,,0.00010286030010320246,
60,37709,,0.00010573158215265721,
60,37719,,0.00010754733375506476,
60,37729,,0.00010257810208713636,
60,37739,,0.0001054434324032627,
60,37749,,0.00010839913011295721,
60,37759,,0.0001061085204128176,
60,37769,,0.00010391094110673293,
60,37779,,0.00010604369890643284,
60,37789,,0.00010526061669224873,
60,37799,,0.00010249640035908669,
60,37809,,0.00010929034760920331,
60,37819,,0.00010771711822599173,
60,37829,,0.00010731643124017864,
60,37839,,0.00010386929352534935,
60,37849,,0.00010354432015446946,
60,37859,,0.00010608616867102683,
60,37869,,0.00010469854169059545,
60,37879,,0.00010810817184392363,
60,37889,,0.00010747756459750235,
60,37899,,0.00010324161848984659,
60,37909,,0.00010629333701217547,
60,37919,,0.00010831045074155554,
60,37929,,0.00010674331133486703,
60,37939,,0.00010349704825785011,
60,37949,,0.00010540259972913191,
60,37959,,0.00010357185965403914,
60,37969,,0.00010797845607157797,
60,37979,,0.0001038492118823342,
60,37989,,0.00010480525088496506,
60,37999,,0.00010823659977177158,
60,38009,,0.00010806159843923524,
60,38019,,0.0001081223672372289,
60,38029,,0.00010498033952899277,
60,38039,,0.00010215333895757794,
60,38049,,0.00010426747030578554,
60,38059,,0.00010202076373388991,
60,38069,,0.0001035099703585729,
60,38079,,0.00010533405293244869,
60,38089,,0.00010787366045406088,
60,38099,,0.00011065970466006547,
60,38109,,0.0001054115709848702,
60,38119,,0.00010668236791389063,
60,38124,,,0.00010538889182498679
60,38124,0.00010530906729400158,,
61,38129,,0.00010655746154952794,
61,38139,,0.00010507035767659545,
61,38149,,0.00010512257722439244,
61,38159,,0.0001073665262083523,
61,38169,,0.00010372974793426692,
61,38179,,0.0001043328084051609,
61,38189,,0.00010345286136725917,
61,38199,,0.00010632375779096037,
61,38209,,0.00010600095265544951,
61,38219,,0.00010487725376151502,
61,38229,,0.00011125362652819604,
61,38239,,0.00010632933845045045,
61,38249,,0.00010536176705500111,
61,38259,,0.00010863989155041054,
61,38269,,0.00010686154564609751,
61,38279,,0.00010512978042243049,
61,38289,,0.00010511184518691152,
61,38299,,0.00010405993816675618,
61,38309,,0.00010489919077372178,
61,38319,,0.00010508712875889614,
61,38329,,0.00010793287219712511,
61,38339,,0.00010110252333106473,
61,38349,,0.00010542255040491,
61,38359,,0.00010193692287430167,
61,38369,,0.00010745303006842732,
61,38379,,0.00010431963164592162,
61,38389,,0.00010672528151189908,
61,38399,,0.00010614167695166543,
61,38409,,0.00010928433039225638,
61,38419,,0.00011354175512678921,
61,38429,,0.00010762694728327915,
61,38439,,0.00010891052079387009,
61,38449,,0.00010688312613638118,
61,38459,,0.00010912153811659664,
61,38469,,0.00010594003106234595,
61,38479,,0.0001076865301001817,
61,38489,,0.00010307058255420998,
61,38499,,0.00010463424405315891,
61,38509,,0.00010416917939437553,
61,38519,,0.00010743756138253957,
61,38529,,0.00010651687625795603,
61,38539,,0.00010613628546707332,
61,38549,,0.00010631784971337765,
61,38559,,0.00010588343866402283,
61,38569,,0.000103215359558817,
61,38579,,0.00011180793080711737,
61,38589,,0.00010714324162108824,
61,38599,,0.00010535568435443565,
61,38609,,0.00010387422662461177,
61,38619,,0.00010334799299016595,
61,38629,,0.00010449678666191176,
61,38639,,0.0001025011224555783,
61,38649,,0.0001037135734804906,
61,38659,,0.00010326268238713965,
61,38669,,0.0001060883587342687,
61,38679,,0.00010908710100920871,
61,38689,,0.00010465562081662938,
61,38699,,0.0001082823146134615,
61,38709,,0.00010797630966408178,
61,38719,,0.00010561898670857772,
61,38729,,0.00010628354357322678,
61,38739,,0.00010777371062431484,
61,38749,,0.00010513202869333327,
61,38749,,,0.0001030742860166356
61,38749,0.00010584141273284331,,
62,38759,,0.00010307363118045032,
62,38769,,0.0001067314951797016,
62,38779,,0.00010574526095297188,
62,38789,,0.00010354186088079587,
62,38799,,0.0001026099780574441,
62,38809,,0.00010819823364727199,
62,38819,,0.00010301812289981171,
62,38829,,0.00010685084998840466,
62,38839,,0.00010834603745024651,
62,38849,,0.00010350284719606861,
62,38859,,0.00010589537851046771,
62,38869,,0.00010708150512073189,
62,38879,,0.00010328472126275301,
62,38889,,0.00010125755215995014,
62,38899,,0.00010337706044083461,
62,38909,,0.00010377459693700075,
62,38919,,0.000103095626400318,
62,38929,,0.00010361200838815421,
62,38939,,0.00010483650112291798,
62,38949,,0.00010874670988414437,
62,38959,,0.00010619621752994135,
62,38969,,0.0001053557061823085,
62,38979,,0.00010152938921237364,
62,38989,,0.00010307109914720058,
62,38999,,0.00010773555550258607,
62,39009,,0.00010493482841411605,
62,39019,,0.00010527022823225707,
62,39029,,0.00010611747711664066,
62,39039,,0.00010768101492431015,
62,39049,,0.00010540401126490906,
62,39059,,0.00010279283742420375,
62,39069,,0.00010208174353465438,
62,39079,,0.00010559151269262657,
62,39089,,0.00010329340875614434,
62,39099,,0.00010488944099051878,
62,39109,,0.00010549356375122443,
62,39119,,0.00010407076479168609,
62,39129,,0.0001022668438963592,
62,39139,,0.0001026301906676963,
62,39149,,0.00010879174078581855,
62,39159,,0.0001033819789881818,
62,39169,,0.00010498385381652042,
62,39179,,0.0001027142207021825,
62,39189,,0.00010539812501519918,
62,39199,,0.00010466107778484002,
62,39209,,0.00010537216439843178,
62,39219,,0.00010517367627471685,
62,39229,,0.00010545032273512334,
62,39239,,0.00010608160664560273,
62,39249,,0.00010646722512319684,
62,39259,,0.00010379815648775548,
62,39269,,0.00010515683970879763,
62,39279,,0.00010349304648116231,
62,39289,,0.00010202896373812109,
62,39299,,0.00010347492207074538,
62,39309,,0.0001056816618074663,
62,39319,,0.00010165008279727772,
62,39329,,0.00010316512634744868,
62,39339,,0.00010451995331095532,
62,39349,,0.00010705488239182159,
62,39359,,0.00010380819730926305,
62,39369,,0.00010425072105135769,
62,39374,,,0.00010486643441254273
62,39374,0.00010501944780116901,,
63,39379,,0.0001037541514961049,
63,39389,,0.00010552343883318827,
63,39399,,0.00010683939763111994,
63,39409,,0.00010315833787899464,
63,39419,,0.00010437367745907977,
63,39429,,0.00010841050971066579,
63,39439,,0.00010479184129508212,
63,39449,,0.0001077897977665998,
63,39459,,0.0001032995423884131,
63,39469,,0.00010514497989788651,
63,39479,,0.00010121339437318966,
63,39489,,0.00010601959365885705,
63,39499,,0.00010615029168548062,
63,39509,,0.00010510764695936814,
63,39519,,0.00010428482346469536,
63,39529,,0.00010555850894888863,
63,39539,,0.00010356930579291657,
63,39549,,0.000103465594293084,
63,39559,,0.0001030530474963598,
63,39569,,0.00010521974763832986,
63,39579,,0.00010783035395434126,
63,39589,,0.00010558807844063267,
63,39599,,0.00010288604971719906,
63,39609,,0.00010421931074233726,
63,39619,,0.00010797398135764524,
63,39629,,0.00010657433449523523,
63,39639,,0.0001051835497491993,
63,39649,,0.00010568575817160308,
63,39659,,0.00010255625238642097,
63,39669,,0.00010617688531056046,
63,39679,,9.985983342630789e-05,
63,39689,,0.00010398437734693289,
63,39699,,0.00010714872769312933,
63,39709,,0.00010788965300889686,
63,39719,,0.00010566980199655518,
63,39729,,0.00010429360554553568,
63,39739,,0.00010475172166479751,
63,39749,,0.00010171856411034241,
63,39759,,0.00010653398203430697,
63,39769,,0.00010251366620650515,
63,39779,,0.00010611994366627187,
63,39789,,0.00010311714868294075,
63,39799,,0.00010648547322489321,
63,39809,,0.0001031099891406484,
63,39819,,0.00010384060442447662,
63,39829,,0.00010629962343955413,
63,39839,,0.00010461034253239632,
63,39849,,0.0001071398364729248,
63,39859,,0.00010532059241086245,
63,39869,,0.00010480972559889778,
63,39879,,0.00010514335735933855,
63,39889,,0.0001056061519193463,
63,39899,,0.00010148609726456925,
63,39909,,0.00010592053149593994,
63,39919,,0.00010168797598453239,
63,39929,,0.00010274765372741967,
63,39939,,0.00010298570850864053,
63,39949,,0.00010729697532951832,
63,39959,,0.00010894113074755296,
63,39969,,0.00010719025885919109,
63,39979,,0.000105303741293028,
63,39989,,0.00010502448276383802,
63,39999,,0.00010711279901443049,
63,39999,,,0.00010439156176289544
63,39999,0.00010513581946725026,,
64,40009,,0.0001036858739098534,
64,40019,,0.00010272065992467105,
64,40029,,0.00010504516831133515,
64,40039,,0.0001066601907950826,
64,40049,,0.00010157499491469935,
64,40059,,0.00010597059736028314,
64,40069,,0.00010550472507020459,
64,40079,,0.00010834744898602366,
64,40089,,0.00010363014735048637,
64,40099,,0.00010855088476091623,
64,40109,,0.00010318409476894885,
64,40119,,0.00010240065603284165,
64,40129,,0.0001037646215991117,
64,40139,,0.00010216160444542766,
64,40149,,0.00010197391384281218,
64,40159,,0.00010363782348576933,
64,40169,,0.00010903905786108226,
64,40179,,0.00010500696953386068,
64,40189,,0.00010408584057586268,
64,40199,,0.00010646263399394229,
64,40209,,0.00011180586443515494,
64,40219,,0.00010579833906376734,
64,40229,,0.0001074149549822323,
64,40239,,0.00010232286876998842,
64,40249,,0.00010536035551922396,
64,40259,,0.0001077254637493752,
64,40269,,0.0001051240906235762,
64,40279,,0.00010273802763549611,
64,40289,,0.00010468349501024932,
64,40299,,0.0001066359764081426,
64,40309,,0.00010139559890376404,
64,40319,,0.00010369838128099218,
64,40329,,0.00010523912351345643,
64,40339,,0.00010689778719097376,
64,40349,,0.00010883696813834831,
64,40359,,0.00011040463868994266,
64,40369,,0.00010317782289348543,
64,40379,,0.00010202391422353685,
64,40389,,0.00010474837472429499,
64,40399,,0.00010395426215836778,
64,40409,,0.00010666907473932952,
64,40419,,0.0001036419635056518,
64,40429,,0.00010331290104659274,
64,40439,,0.00010215169459115714,
64,40449,,0.00010352804383728653,
64,40459,,0.00010432113776914775,
64,40469,,0.00010402480256743729,
64,40479,,0.00010672613279893994,
64,40489,,0.00010189258318860084,
64,40499,,0.00010235943045699969,
64,40509,,0.00010233738430542871,
64,40519,,0.00010298078268533573,
64,40529,,0.00010680565901566297,
64,40539,,0.00010269764607073739,
64,40549,,0.00010468075197422877,
64,40559,,0.00010808080696733668,
64,40569,,0.00010548612772254273,
64,40579,,0.00010784095502458513,
64,40589,,0.0001058075504261069,
64,40599,,0.00010526654659770429,
64,40609,,0.00010264848242513835,
64,40619,,0.00010505578393349424,
64,40624,,,0.00010404162458144128
64,40624,0.00010518389899516478,,
65,40629,,0.00010448214743519202,
65,40639,,0.0001035289533319883,
65,40649,,0.0001029575287248008,
65,40659,,0.00010208480671280995,
65,40669,,0.00010588960867607966,
65,40679,,0.00010647767339833081,
65,40689,,0.00010827851656358689,
65,40699,,0.0001039570925058797,
65,40709,,0.00010133603063877672,
65,40719,,0.00010682057472877204,
65,40729,,0.00010743785242084414,
65,40739,,0.00010366301285102963,
65,40749,,0.00010436127195134759,
65,40759,,0.00010043722431873903,
65,40769,,0.00010460673365741968,
65,40779,,0.00010357044811826199,
65,40789,,0.0001060835929820314,
65,40799,,0.00010205078433500603,
65,40809,,0.00010316589759895578,
65,40819,,0.00010467833635630086,
65,40829,,0.00010571841994533315,
65,40839,,0.00010889617988141254,
65,40849,,0.00010337407002225518,
65,40859,,0.00010804892372107133,
65,40869,,0.0001068045967258513,
65,40879,,0.00010712906077969819,
65,40889,,0.0001066587064997293,
65,40899,,0.00010569595178822055,
65,40909,,0.00010336028935853392,
65,40919,,0.00010142152314074337,
65,40929,,0.00010385990754002705,
65,40939,,0.00010894693696172908,
65,40949,,0.00010670982737792656,
65,40959,,0.00010589909652480856,
65,40969,,0.00010380185267422348,
65,40979,,0.00010332079546060413,
65,40989,,0.00010298183769918978,
65,40999,,0.00010305789328413084,
65,41009,,0.00010463503713253886,
65,41019,,0.00010285930329700932,
65,41029,,0.00010103129898197949,
65,41039,,0.00010532249871175736,
65,41049,,0.0001016576134134084,
65,41059,,0.00010346029011998326,
65,41069,,0.00010237880633212626,
65,41079,,0.00010765554179670289,
65,41089,,0.00010444328654557467,
65,41099,,0.000104116479633376,
65,41109,,0.00010501894576009363,
65,41119,,0.00010296668187947944,
65,41129,,0.00010149229638045654,
65,41139,,0.00010319326975150034,
65,41149,,0.00010602313705021515,
65,41159,,0.00010834558634087443,
65,41169,,0.0001033630469464697,
65,41179,,0.0001083928145817481,
65,41189,,0.00010530514555284753,
65,41199,,0.00010493904846953228,
65,41209,,0.00010570499580353498,
65,41219,,0.00010468567779753357,
65,41229,,0.00010491970169823617,
65,41239,,0.00010386692156316712,
65,41249,,0.00010944422683678567,
65,41249,,,0.0001053887972375378
65,41249,0.00010496635513845831,,
66,41259,,0.00010340924927731976,
66,41269,,0.00010821619798662141,
66,41279,,0.00011268328671576455,
66,41289,,0.00011676715803332627,
66,41299,,0.00010710831702454016,
66,41309,,0.00010524930985411629,
66,41319,,0.00010530790314078331,
66,41329,,0.00010416278382763267,
66,41339,,0.00010224569268757477,
66,41349,,0.00010659499821485952,
66,41359,,0.00010822572221513838,
66,41369,,0.00010808293882291764,
66,41379,,0.0001035021705320105,
66,41389,,0.00010433576244395226,
66,41399,,0.0001024960947688669,
66,41409,,0.0001052747102221474,
66,41419,,0.00010338469292037189,
66,41429,,0.00010436012235004455,
66,41439,,0.00010734747775131837,
66,41449,,0.00010458264296175912,
66,41459,,0.00010206389561062679,
66,41469,,0.000104402621218469,
66,41479,,0.0001036172398016788,
66,41489,,0.00010426232620375231,
66,41499,,0.00010549444414209574,
66,41509,,0.00010543344251345843,
66,41519,,0.00010415672295494005,
66,41529,,0.000105029706901405,
66,41539,,0.00010496505274204537,
66,41549,,0.0001039155904436484,
66,41559,,0.00010427123197587207,
66,41569,,0.00010603564442135394,
66,41579,,0.00011116919631604105,
66,41589,,0.00010916036990238354,
66,41599,,0.00010670173651305959,
66,41609,,0.00010429552639834583,
66,41619,,0.00010837806621566415,
66,41629,,0.00010322578600607812,
66,41639,,0.00010707734327297658,
66,41649,,0.00010386414214735851,
66,41659,,0.00010392305557616055,
66,41669,,0.00010540804942138493,
66,41679,,0.00010479518095962703,
66,41689,,0.0001016933674691245,
66,41699,,0.00010569511505309492,
66,41709,,0.00010779952572192997,
66,41719,,0.0001086385891539976,
66,41729,,0.00010638377716531977,
66,41739,,0.00010885383380809799,
66,41749,,0.00010496068716747686,
66,41759,,0.00010194296191912144,
66,41769,,0.00010363650653744116,
66,41779,,0.0001061657167156227,
66,41789,,9.984903590520844e-05,
66,41799,,0.00010247004684060812,
66,41809,,0.00010237599053652957,
66,41819,,0.00010412725532660261,
66,41829,,0.00010409888636786491,
66,41839,,0.0001052775260177441,
66,41849,,0.00010243542783427984,
66,41859,,0.00010210844629909843,
66,41869,,0.00010453662980580702,
66,41874,,,0.00010449066030560061
66,41874,0.00010521416697883978,,
67,41879,,0.00010252614447381347,
67,41889,,0.00010251427011098713,
67,41899,,0.00010587132419459522,
67,41909,,0.00010510811989661306,
67,41919,,0.00010367383220000193,
67,41929,,0.000100849247246515,
67,41939,,0.00010602780821500346,
67,41949,,0.00010412164556328207,
67,41959,,0.00010410528193460777,
67,41969,,0.00010417669545859098,
67,41979,,0.00010400751489214599,
67,41989,,0.00010572129394859076,
67,41999,,0.00010448240209370852,
67,42009,,0.00010440854384796694,
67,42019,,0.00010647772433003411,
67,42029,,0.00010522137017687783,
67,42039,,0.00010417427256470546,
67,42049,,0.00010436392039991915,
67,42059,,0.00010445380758028477,
67,42069,,0.00010480458149686456,
67,42079,,0.00010068029223475605,
67,42089,,0.00010575613850960508,
67,42099,,0.00010395197023171932,
67,42109,,0.00010409063543193042,
67,42119,,0.00010206052684225142,
67,42129,,0.00010388300142949447,
67,42139,,0.0001056612964021042,
67,42149,,0.00010291567741660401,
67,42159,,0.00010338216088712215,
67,42169,,0.00010739019489847124,
67,42179,,0.00010575618216535076,
67,42189,,0.00010368614312028512,
67,42199,,0.00010454082803335041,
67,42209,,0.00010373339318903163,
67,42219,,0.00010496738832443953,
67,42229,,0.00010558859503362328,
67,42239,,0.00010523763921810314,
67,42249,,0.00010843605559784919,
67,42259,,0.00010501702490728348,
67,42269,,0.00010587311408016831,
67,42279,,0.00010928220581263304,
67,42289,,0.00010373379336670041,
67,42299,,0.0001047910627676174,
67,42309,,0.00010517435293877497,
67,42319,,0.00010142791143152863,
67,42329,,0.0001019148257910274,
67,42339,,0.00010320141154807061,
67,42349,,0.00010627228766679764,
67,42359,,0.00010491465218365192,
67,42369,,0.00010563074465608224,
67,42379,,0.00010483515507075936,
67,42389,,0.00010524486424401402,
67,42399,,0.00010237447713734582,
67,42409,,0.00010413949348730966,
67,42419,,0.00010538993956288323,
67,42429,,0.00010658832616172731,
67,42439,,0.00010730146459536627,
67,42449,,0.00010359090083511546,
67,42459,,0.00010830089740920812,
67,42469,,0.00010704893065849319,
67,42479,,0.00010527294216444716,
67,42489,,0.00010564320109551772,
67,42499,,0.00010304739407729357,
67,42499,,,0.0001048923732014373
67,42499,0.00010478912736289203,,
68,42509,,0.00010188703890889883,
68,42519,,0.00010379879677202553,
68,42529,,0.00010349383228458464,
68,42539,,0.00010370523523306474,
68,42549,,0.00010142812971025705,
68,42559,,0.0001055683969752863,
68,42569,,0.00010168581502512097,
68,42579,,0.00010459758050274104,
68,42589,,0.00010574619227554649,
68,42599,,0.00010302225564373657,
68,42609,,0.00010245648445561528,
68,42619,,0.00010343739995732903,
68,42629,,0.00010262258729198948,
68,42639,,0.00010215149086434394,
68,42649,,0.00010511438449611887,
68,42659,,0.00010343167377868667,
68,42669,,0.00010521729564061388,
68,42679,,0.00010644748545018956,
68,42689,,0.00010659192776074633,
68,42699,,0.00010634589852998033,
68,42709,,0.00010296136315446347,
68,42719,,0.0001041059076669626,
68,42729,,0.00010627879964886233,
68,42739,,0.00010574213229119778,
68,42749,,0.0001060810755006969,
68,42759,,0.00010327505151508376,
68,42769,,0.00010385109635535628,
68,42779,,0.00010636818478815258,
68,42789,,0.00011189239012310281,
68,42799,,0.0001051146537065506,
68,42809,,0.00010569528240012005,
68,42819,,0.00010437196760904044,
68,42829,,0.00010235046647721902,
68,42839,,0.0001046392135322094,
68,42849,,0.00010521682270336896,
68,42859,,0.00010390319948783144,
68,42869,,0.00010756640403997153,
68,42879,,0.00010186343570239842,
68,42889,,0.00010433328861836344,
68,42899,,0.00010769230721052736,
68,42909,,0.00010492721776245162,
68,42919,,0.0001013574146782048,
68,42929,,0.00010733988165156916,
68,42939,,0.00010719660349423066,
68,42949,,0.00010352840035920963,
68,42959,,0.00010635895159794018,
68,42969,,0.0001039519120240584,
68,42979,,0.0001093649334507063,
68,42989,,0.00010546050179982558,
68,42999,,0.00010509928688406944,
68,43009,,0.00010271235078107566,
68,43019,,0.00010207999002886936,
68,43029,,0.00010507941624382511,
68,43039,,0.00010565696720732376,
68,43049,,0.00010463047510711476,
68,43059,,0.0001062079390976578,
68,43069,,0.00010818579903570935,
68,43079,,0.00010380580351920798,
68,43089,,0.00010295883839717135,
68,43099,,0.00010521266813157126,
68,43109,,0.00010500927601242438,
68,43119,,0.00010291620128555223,
68,43124,,,0.00010281212598783895
68,43124,0.00010479388583917171,,
69,43129,,0.00010001880582422018,
69,43139,,0.00010597941582091153,
69,43149,,0.00010288629709975794,
69,43159,,0.00010594291234156117,
69,43169,,0.00010282656876370311,
69,43179,,0.00010116613702848554,
69,43189,,0.00010455801384523511,
69,43199,,0.00010495622700545937,
69,43209,,0.00011039500532206148,
69,43219,,0.00011065302533097565,
69,43229,,0.00010606402065604925,
69,43239,,0.00011124074808321893,
69,43249,,0.00010211393964709714,
69,43259,,0.00010501362703507766,
69,43269,,0.0001033005173667334,
69,43279,,0.0001038475675159134,
69,43289,,0.00010487236431799829,
69,43299,,0.00010191753972321749,
69,43309,,0.00010374443081673235,
69,43319,,0.00010742307495092973,
69,43329,,0.00010837666923180223,
69,43339,,0.00010759044380392879,
69,43349,,0.00010624144488247111,
69,43359,,0.00010418756573926657,
69,43369,,0.00010081275104312226,
69,43379,,0.00010166169522562996,
69,43389,,0.00010578206274658442,
69,43399,,0.0001036995745380409,
69,43409,,0.00010418207239126787,
69,43419,,0.00010538828792050481,
69,43429,,0.00010391737305326387,
69,43439,,0.00010647640010574833,
69,43449,,0.00010525483958190307,
69,43459,,0.00010493186709936708,
69,43469,,0.00010125770495506003,
69,43479,,0.0001054934982676059,
69,43489,,0.00010433082934468985,
69,43499,,0.00010333429963793606,
69,43509,,0.00010379315062891692,
69,43519,,0.00010415780707262456,
69,43529,,0.00010814436245709658,
69,43539,,0.00010269643098581582,
69,43549,,0.00010577935609035194,
69,43559,,0.00010339873551856726,
69,43569,,0.00010651668708305806,
69,43579,,0.0001057663030223921,
69,43589,,0.00010994847980327904,
69,43599,,0.000106551029602997,
69,43609,,0.00010788241343107074,
69,43619,,0.00010532659507589415,
69,43629,,0.00010843891504919156,
69,43639,,0.00010303979797754437,
69,43649,,0.00010602030670270324,
69,43659,,0.00010620012471918017,
69,43669,,0.00010592392936814576,
69,43679,,0.0001061471484717913,
69,43689,,0.00010828848462551832,
69,43699,,0.00010592716716928408,
69,43709,,0.00010495699098100886,
69,43719,,0.00010381270840298384,
69,43729,,0.00010364370245952159,
69,43739,,0.00010508534614928067,
69,43749,,0.00010202177509199828,
69,43749,,,0.00010526107507757843
69,43749,0.00010491944703971967,,
70,43759,,0.00010417035809950903,
70,43769,,0.00010472482244949788,
70,43779,,0.00010282165749231353,
70,43789,,0.00010715242387959734,
70,43799,,0.00010362430475652218,
70,43809,,0.00010855028085643426,
70,43819,,0.00010382129403296858,
70,43829,,0.00010478169133421034,
70,43839,,0.0001041715222527273,
70,43849,,0.00010813245171448216,
70,43859,,0.00010804102203110233,
70,43869,,0.00010610761091811582,
70,43879,,0.00010304864554200321,
70,43889,,0.00010387969814473763,
70,43899,,0.00010382134496467188,
70,43909,,0.00010493399895494804,
70,43919,,0.00010369664960308,
70,43929,,0.0001061580260284245,
70,43939,,0.00010544402175582945,
70,43949,,0.00010526322876103222,
70,43959,,0.00010419557656859979,
70,43969,,0.00010212748020421714,
70,43979,,0.00010800312884384766,
70,43989,,0.00010455591109348461,
70,43999,,0.00010294145613443106,
70,44009,,0.00010301445581717417,
70,44019,,0.00010315453255316243,
70,44029,,0.00010301722795702517,
70,44039,,0.00010485250095371157,
70,44049,,0.00010751211812021211,
70,44059,,0.00010352598474128172,
70,44069,,0.00010334681428503245,
70,44079,,0.00010288838529959321,
70,44089,,0.00010158135410165414,
70,44099,,0.00010314601968275383,
70,44109,,0.00010373614350100979,
70,44119,,0.0001076521584764123,
70,44129,,0.00010319568536942825,
70,44139,,0.00010608478623908013,
70,44149,,0.00010451650450704619,
70,44159,,0.00010847257362911478,
70,44169,,0.00010481024219188839,
70,44179,,0.00011180724686710164,
70,44189,,0.00010932346049230546,
70,44199,,0.00010169700544793159,
70,44209,,0.00010161840327782556,
70,44219,,0.00010066442337119952,
70,44229,,0.00010184507846133783,
70,44239,,0.00010386096255388111,
70,44249,,0.00010442384518682957,
70,44259,,0.00010341282904846594,
70,44269,,0.00010500125790713355,
70,44279,,0.00010247524915030226,
70,44289,,0.00010343923349864781,
70,44299,,0.00010159026714973152,
70,44309,,0.00010342044697608799,
70,44319,,0.0001022500146063976,
70,44329,,0.00010422775085316971,
70,44339,,0.00010227698658127338,
70,44349,,0.00010401355393696576,
70,44359,,0.00010550301522016525,
70,44369,,0.00010357575229136273,
70,44374,,,0.00010500392818357795
70,44374,0.00010455241135787219,,
71,44379,,0.00010213036148343235,
71,44389,,0.00010516394104342908,
71,44399,,0.00010453777213115245,
71,44409,,0.00010601130634313449,
71,44419,,0.00010529028804739937,
71,44429,,0.00010414984717499465,
71,44439,,0.00010798922448884696,
71,44449,,0.00010480159107828513,
71,44459,,0.00010623099660733715,
71,44469,,0.0001045588287524879,
71,44479,,0.0001048434860422276,
71,44489,,0.00010655860387487337,
71,44499,,0.00010112942982232198,
71,44509,,0.00010406320507172495,
71,44519,,0.00010259821283398196,
71,44529,,0.00010328379721613601,
71,44539,,0.00010504334204597399,
71,44549,,0.00010282598668709397,
71,44559,,0.000107104133348912,
71,44569,,0.00010064967500511557,
71,44579,,0.00010394473792985082,
71,44589,,0.00010120393562829122,
71,44599,,0.00010541119991103187,
71,44609,,0.00010519633360672742,
71,44619,,0.00010561740054981783,
71,44629,,0.0001029704581014812,
71,44639,,0.00010345659393351525,
71,44649,,0.00010464328079251572,
71,44659,,0.00010307178308721632,
71,44669,,0.00010773343092296273,
71,44679,,0.00010208776802755892,
71,44689,,0.00010555431072134525,
71,44699,,0.00010442506754770875,
71,44709,,0.00010570311860647053,
71,44719,,0.00010312075028195977,
71,44729,,0.00010733573435572907,
71,44739,,0.0001030864441418089,
71,44749,,0.00010424704669276252,
71,44759,,0.00010660717089194804,
71,44769,,0.00010359483712818474,
71,44779,,0.00010373919212725013,
71,44789,,0.00010621982073644176,
71,44799,,0.00010543549433350563,
71,44809,,0.00010636496153892949,
71,44819,,0.0001047067271429114,
71,44829,,0.00010353358811698854,
71,44839,,0.0001033447333611548,
71,44849,,0.0001012984721455723,
71,44859,,0.00010464264778420329,
71,44869,,0.0001023200893541798,
71,44879,,0.0001035824025166221,
71,44889,,0.00010272859799442813,
71,44899,,0.00010275944077875465,
71,44909,,0.00010404419299447909,
71,44919,,0.00010367565118940547,
71,44929,,0.00010559396469034255,
71,44939,,0.00010790793021442369,
71,44949,,0.0001092093443730846,
71,44959,,0.00010555068001849577,
71,44969,,0.00010380313324276358,
71,44979,,0.0001022894139168784,
71,44989,,0.00010732640657806769,
71,44999,,0.00010323077731300145,
71,44999,,,0.00010622365516610444
71,44999,0.00010448522516526282,,
72,45009,,0.00010604210547171533,
72,45019,,0.00010822896001627669,
72,45029,,0.00010688015026971698,
72,45039,,0.00010414205462438986,
72,45049,,0.00010521908552618697,
72,45059,,0.00010129507427336648,
72,45069,,0.00010294980165781453,
72,45079,,0.00010815646965056658,
72,45089,,0.00010493247827980667,
72,45099,,0.00010440599726280198,
72,45109,,0.00010877702879952267,
72,45119,,0.00010489387204870582,
72,45129,,0.00010469481640029699,
72,45139,,0.00010375987767474726,
72,45149,,0.00010559017391642556,
72,45159,,0.00010341425513615832,
72,45169,,0.0001056113324011676,
72,45179,,0.00010249339538859203,
72,45189,,0.00010589519661152735,
72,45199,,0.00010589940211502835,
72,45209,,0.00010705758177209646,
72,45219,,0.00010502109216758981,
72,45229,,0.00010292587103322148,
72,45239,,0.00010628004383761436,
72,45249,,0.00010449834371684119,
72,45259,,0.0001034165034070611,
72,45269,,0.0001042668882291764,
72,45279,,0.00010425157233839855,
72,45289,,0.00010756634583231062,
72,45299,,0.00010389646922703832,
72,45309,,0.00010478540934855118,
72,45319,,0.0001047909609042108,
72,45329,,0.00010585111158434302,
72,45339,,0.00010678688704501837,
72,45349,,0.00010196414950769395,
72,45359,,0.00010372163524152711,
72,45369,,0.00010415528959129006,
72,45379,,0.00010155112977372482,
72,45389,,0.00010944352834485471,
72,45399,,0.00010640764230629429,
72,45409,,0.00010751335503300652,
72,45419,,0.00010546737030381337,
72,45429,,0.00010275140812154859,
72,45439,,0.00010410558024886996,
72,45449,,0.00010599724191706628,
72,45459,,0.0001023808799800463,
72,45469,,0.00010449130786582828,
72,45479,,0.00010417610610602424,
72,45489,,0.00010501173528609797,
72,45499,,0.00010931713040918112,
72,45509,,0.00010648634633980691,
72,45519,,0.00010461305646458641,
72,45529,,0.0001035608584061265,
72,45539,,0.00010163948172703385,
72,45549,,0.00010418763849884272,
72,45559,,0.00010709933849284425,
72,45569,,0.00010449827095726505,
72,45579,,0.00010535799810895696,
72,45589,,0.00010301089787390083,
72,45599,,0.00010541305528022349,
72,45609,,0.0001027875259751454,
72,45619,,0.00010668618051568046,
72,45624,,,0.00010853770072571933
72,45624,0.00010479945922270417,,
73,45629,,0.00010811115498654544,
73,45639,,0.00010252832726109773,
73,45649,,0.00010387899237684906,
73,45659,,0.00010582563845673576,
73,45669,,0.00010633948841132224,
73,45679,,0.00010686549649108201,
73,45689,,0.00010587898577796295,
73,45699,,0.00010486229439266026,
73,45709,,0.00010925703827524558,
73,45719,,0.00010591370664769784,
73,45729,,0.00010715561074903235,
73,45739,,0.00010525184188736603,
73,45749,,0.00010240207484457642,
73,45759,,0.00010462399222888052,
73,45769,,0.0001020057825371623,
73,45779,,0.00010211888002231717,
73,45789,,0.00010393266711616889,
73,45799,,0.00010364448098698631,
73,45809,,0.00010290415957570076,
73,45819,,0.00010576716158539057,
73,45829,,0.00010308736091246828,
73,45839,,0.00010041128552984446,
73,45849,,0.00010567784920567647,
73,45859,,0.00010143262625206262,
73,45869,,0.00010421739716548473,
73,45879,,0.00010484922677278519,
73,45889,,0.0001027757753035985,
73,45899,,0.00010337521962355822,
73,45909,,0.00010355416452512145,
73,45919,,0.00010326856863684952,
73,45929,,0.0001082695453078486,
73,45939,,0.00010530473809922114,
73,45949,,0.00010264107550028712,
73,45959,,0.00010284537711413577,
73,45969,,0.00010252540232613683,
73,45979,,0.00010118648788193241,
73,45989,,0.00010415577708045021,
73,45999,,0.00010301059955963865,
73,46009,,0.0001045065073412843,
73,46019,,0.00010388342343503609,
73,46029,,0.00010541351366555318,
73,46039,,0.00010428829409647733,
73,46049,,0.00010337635467294604,
73,46059,,0.000101954530691728,
73,46069,,0.00010138222569366917,
73,46079,,0.00010493657464394346,
73,46089,,0.00010551334707997739,
73,46099,,0.00010284729796694592,
73,46109,,0.00010443069186294451,
73,46119,,0.00010184568236581981,
73,46129,,0.000104333164927084,
73,46139,,0.00010434122668812051,
73,46149,,0.00010381974425399676,
73,46159,,0.00010463421494932845,
73,46169,,0.00010317012493032962,
73,46179,,0.00010680976993171498,
73,46189,,0.00010386016947450116,
73,46199,,0.00010640193795552477,
73,46209,,0.00010649090108927339,
73,46219,,0.0001033623339026235,
73,46229,,0.00010621664114296436,
73,46239,,0.0001037820111378096,
73,46249,,0.00010508445120649412,
73,46249,,,0.00010363436012994498
73,46249,0.00010447877866681665,,
74,46259,,0.0001041107825585641,
74,46269,,0.00010307347110938281,
74,46279,,0.00010284689778927714,
74,46289,,0.00010291072976542637,
74,46299,,0.00010437108721816912,
74,46309,,0.00010453537106513977,
74,46319,,0.00010504136298550293,
74,46329,,0.0001039061025949195,
74,46339,,0.00010918440239038318,
74,46349,,0.00010792926332214847,
74,46359,,0.00010449104593135417,
74,46369,,0.00010480089258635417,
74,46379,,0.00010338812717236578,
74,46389,,0.00010273986117681488,
74,46399,,0.00010582972026895732,
74,46409,,0.00010828494851011783,
74,46419,,0.00010498922347323969,
74,46429,,0.00010524756362428889,
74,46439,,0.00010418412421131507,
74,46449,,0.0001067327248165384,
74,46459,,0.00010214111534878612,
74,46469,,0.00010345039481762797,
74,46479,,0.00010513052257010713,
74,46489,,0.00010435679723741487,
74,46499,,0.00010404393106000498,
74,46509,,0.00010731862857937813,
74,46519,,0.0001038214031723328,
74,46529,,0.00010210943582933396,
74,46539,,0.00010621129331411794,
74,46549,,0.00010771698725875467,
74,46559,,0.00010394024138804525,
74,46569,,0.00010554183972999454,
74,46579,,0.00010419418686069548,
74,46589,,0.00010770057269837707,
74,46599,,0.00010765442129923031,
74,46609,,0.00010272414510836825,
74,46619,,0.00010148731234949082,
74,46629,,0.00010412461415398866,
74,46639,,0.00010337540879845619,
74,46649,,0.00010310580546502024,
74,46659,,0.00010724695312092081,
74,46669,,0.0001049576312652789,
74,46679,,0.00010601814574329183,
74,46689,,0.0001057843110174872,
74,46699,,0.00010623469279380515,
74,46709,,0.00010471099813003093,
74,46719,,0.0001074500905815512,
74,46729,,0.00010681441199267283,
74,46739,,0.00010534255852689967,
74,46749,,0.00010530443978495896,
74,46759,,0.00010678372927941382,
74,46769,,0.00010772856330731884,
74,46779,,0.00010421288607176393,
74,46789,,0.00010312301310477778,
74,46799,,0.00010233462671749294,
74,46809,,0.00010569422738626599,
74,46819,,0.00010658452083589509,
74,46829,,0.00010354052938055247,
74,46839,,0.0001029598934110254,
74,46849,,0.00010294040839653462,
74,46859,,0.00010635262879077345,
74,46869,,0.00010605847637634724,
74,46874,,,0.00010393765842309222
74,46874,0.00010458712495164946,,
